Resource,fuel,Zone,EndCap1,EndEnergyCap1,EndCap2,EndEnergyCap2,EndCap3,EndEnergyCap3,EndCap4,EndEnergyCap4,EndCap5,EndEnergyCap5,EndCap6,EndEnergyCap6,EndCap7,EndEnergyCap7
EIC_conventional_hydroelectric_1,hydro,1,24617.3,0,24617.3,0,24617.3,0,24617.3,0,24617.3,0,24617.3,0,24617.3,0
TRE_conventional_hydroelectric_1,hydro,2,483.9,0,483.9,0,483.9,0,483.9,0,483.9,0,483.9,0,483.9,0
WECC_conventional_hydroelectric_1,hydro,3,47207.7,0,47207.7,0,47207.7,0,47207.7,0,47207.7,0,47207.7,0,47207.7,0
EIC_conventional_steam_coal_1,coal,1,0,0,0,0,0,0,0,0,0,0,0,0,0,0
EIC_conventional_steam_coal_2,coal,1,0,0,0,0,0,0,0,0,0,0,0,0,0,0
EIC_natural_gas_fired_combined_cycle_1,ngcc,1,0,0,0,0,0,0,0,0,0,0,0,0,0,0
EIC_natural_gas_fired_combined_cycle_2,ngcc,1,0,0,0,0,0,0,0,0,0,0,0,0,0,0
EIC_natural_gas_fired_combustion_turbine_1,ngct,1,0,0,0,0,0,0,0,0,0,0,0,0,0,0
EIC_natural_gas_fired_combustion_turbine_2,ngct,1,0,0,0,0,0,0,0,0,0,0,0,0,0,0
EIC_natural_gas_internal_combustion_engine_1,ngict,1,0,0,0,0,0,0,0,0,0,0,0,0,0,0
EIC_natural_gas_steam_turbine_1,ngst,1,0,0,0,0,0,0,0,0,0,0,0,0,0,0
EIC_nuclear_1,nuclear,1,29298.35963,0,33173.74283,0,31902.39861,0,13572.48098,0,32512.71022,0,568.1020356,0,17673.03044,0
EIC_petroleum_liquids_1,petroleum,1,0,0,0,0,0,0,0,0,0,0,0,0,0,0
TRE_conventional_steam_coal_1,coal,2,0,0,0,0,0,0,0,0,0,0,0,0,0,0
TRE_conventional_steam_coal_2,coal,2,0,0,0,0,0,0,0,0,0,0,0,0,0,0
TRE_natural_gas_fired_combined_cycle_1,ngcc,2,0,0,0,0,0,0,0,0,0,0,0,0,0,0
TRE_natural_gas_fired_combined_cycle_2,ngcc,2,0,0,0,0,0,0,0,0,0,0,0,0,0,0
TRE_natural_gas_fired_combustion_turbine_1,ngct,2,0,0,0,0,0,0,0,0,0,0,0,0,0,0
TRE_natural_gas_fired_combustion_turbine_2,ngct,2,0,0,0,0,0,0,0,0,0,0,0,0,0,0
TRE_natural_gas_internal_combustion_engine_1,ngict,2,0,0,0,0,0,0,0,0,0,0,0,0,0,0
TRE_natural_gas_steam_turbine_1,ngst,2,0,0,0,0,0,0,0,0,0,0,0,0,0,0
TRE_nuclear_1,nuclear,2,8.746642826,0,0,0,0,0,0,0,0,0,0,0,0,0
TRE_petroleum_liquids_1,petroleum,2,0,0,0,0,0,0,0,0,0,0,0,0,0,0
WECC_conventional_steam_coal_1,coal,3,0,0,0,0,0,0,0,0,0,0,0,0,0,0
WECC_conventional_steam_coal_2,coal,3,0,0,0,0,0,0,0,0,0,0,0,0,0,0
WECC_natural_gas_fired_combined_cycle_1,ngcc,3,0,0,0,0,0,0,0,0,0,0,0,0,0,0
WECC_natural_gas_fired_combined_cycle_2,ngcc,3,0,0,0,0,0,0,0,0,0,0,0,0,0,0
WECC_natural_gas_fired_combustion_turbine_1,ngct,3,0,0,0,0,0,0,0,0,0,0,0,0,0,0
WECC_natural_gas_fired_combustion_turbine_2,ngct,3,0,0,0,0,0,0,0,0,0,0,0,0,0,0
WECC_natural_gas_internal_combustion_engine_1,ngict,3,0,0,0,0,0,0,0,0,0,0,0,0,0,0
WECC_natural_gas_steam_turbine_1,ngst,3,0,0,0,0,0,0,0,0,0,0,0,0,0,0
WECC_nuclear_1,nuclear,3,24.39279618,0,0,0,0,0,0,0,3.389366263,0,0,0,0,0
WECC_petroleum_liquids_1,petroleum,3,0,0,0,0,0,0,0,0,0,0,0,0,0,0
EIC_naturalgas_ccavgcf_moderate_0,ngcc_new,1,0,0,0,0,0,0,0,0,0,0,0,0,0,0
EIC_naturalgas_ctavgcf_moderate_0,ngct_new,1,0,0,0,0,0,0,0,0,0,0,0,0,0,0
EIC_naturalgas_ccccsavgcf_conservative_0,ngcc_ccs,1,0,0,0,0,0,0,0,0,0,0,0,0,0,0
EIC_advnuclear_atb_moderate_0,nuclear_new,1,3.643148833,0,0,0,0,0,0,0,0,0,0,0,0,0
TRE_naturalgas_ccavgcf_moderate_0,ngcc_new,2,0,0,0,0,0,0,0,0,0,0,0,0,0,0
TRE_naturalgas_ctavgcf_moderate_0,ngct_new,2,0,0,0,0,0,0,0,0,0,0,0,0,0,0
TRE_naturalgas_ccccsavgcf_conservative_0,ngcc_ccs,2,0,0,0,0,0,0,0,0,0,0,0,0,0,0
TRE_advnuclear_atb_moderate_0,nuclear_new,2,2.513070831,0,0,0,0,0,0,0,0,0,0,0,0,0
WECC_naturalgas_ccavgcf_moderate_0,ngcc_new,3,0,0,0,0,0,0,0,0,0,0,0,0,0,0
WECC_naturalgas_ctavgcf_moderate_0,ngct_new,3,0,0,0,0,0,0,0,0,0,0,0,0,0,0
WECC_naturalgas_ccccsavgcf_conservative_0,ngcc_ccs,3,0,0,0,0,0,0,0,0,0,0,0,0,0,0
WECC_advnuclear_atb_moderate_0,nuclear_new,3,2.802237206,0,0,0,0,0,0,0,0,0,0,0,0,0
EIC_naturalgas_ctavgcf_moderate_0_zerocarbon,ng_zero_carbon,1,98649.61056,0,96118.83895,0,96980.86732,0,109733.981,0,94988.59231,0,122529.3403,0,111361.8593,0
TRE_naturalgas_ctavgcf_moderate_0_zerocarbon,ng_zero_carbon,2,13.40626656,0,0,0,0,0,0,0,0,0,0,0,0,0
WECC_naturalgas_ctavgcf_moderate_0_zerocarbon,ng_zero_carbon,3,8945.922334,0,8974.684667,0,9033.624112,0,8550.126003,0,9063.329603,0,8332.871321,0,8037.983332,0
EIC_offshore_wind_turbine_1,offshore_wind,1,29.293836,0,29.3,0,29.3,0,29.3,0,29.3,0,29.3,0,29.3,0
EIC_onshore_wind_turbine_1,wind,1,81502.29392,0,81502.3,0,81502.3,0,81502.3,0,81502.3,0,81502.3,0,81502.3,0
EIC_solar_photovoltaic_1,solar,1,43752.09141,0,43752.1,0,43752.1,0,43752.1,0,43752.1,0,43752.1,0,43752.1,0
TRE_onshore_wind_turbine_1,wind,2,36993.63168,0,36993.9,0,36993.9,0,36993.9,0,36993.9,0,36993.9,0,36993.9,0
TRE_solar_photovoltaic_1,solar,2,18530.69022,0,18530.7,0,18530.7,0,18530.7,0,18530.7,0,18530.7,0,18530.7,0
WECC_geothermal_1,geothermal,3,2048.6,0,2048.6,0,2048.6,0,2048.6,0,2048.6,0,2048.6,0,2048.6,0
WECC_onshore_wind_turbine_1,wind,3,31536.49897,0,31536.5,0,31536.5,0,31536.5,0,31536.5,0,31536.5,0,31536.5,0
WECC_solar_photovoltaic_1,solar,3,36325.79911,0,36325.8,0,36325.8,0,36325.8,0,36325.8,0,36325.8,0,36325.8,0
EIC_landbasedwind_class1_moderate_0,wind_new,1,15.38466696,0,0,0,0,0,0,0,0,0,0,0,0,0
EIC_landbasedwind_class1_moderate_1,wind_new,1,247678.0996,0,247680.8,0,247680.8,0,247680.8,0,247680.8,0,247680.8,0,247680.8,0
EIC_landbasedwind_class1_moderate_2,wind_new,1,43011.29795,0,38259.84195,0,39458.444,0,65037.1398,0,38470.65368,0,72180.77629,0,52520.31863,0
EIC_landbasedwind_class1_moderate_3,wind_new,1,3.420666556,0,0,0,0,0,0,0,0,0,0,0,0,0
EIC_landbasedwind_class1_moderate_4,wind_new,1,10.20787503,0,0,0,0,0,0,0,0,0,0,0,0,0
EIC_landbasedwind_class1_moderate_5,wind_new,1,4.094486328,0,0,0,0,0,0,0,0,0,0,0,0,0
EIC_landbasedwind_class1_moderate_6,wind_new,1,7.427258932,0,0,0,0,0,0,0,0,0,0,0,0,0
EIC_landbasedwind_class1_moderate_7,wind_new,1,5.258776669,0,0,0,0,0,0,0,0,0,0,0,0,0
EIC_landbasedwind_class1_moderate_8,wind_new,1,4.752594268,0,0,0,0,0,0,0,0,0,0,0,0,0
EIC_landbasedwind_class1_moderate_9,wind_new,1,2.824664883,0,0,0,0,0,0,0,0,0,0,0,0,0
EIC_utilitypv_class1_moderate_0,solar_new,1,554301.4981,0,551487.114,0,553522.8263,0,563064.533,0,553442.667,0,569698.6301,0,553852.4429,0
EIC_utilitypv_class1_moderate_1,solar_new,1,20.84944365,0,0,0,0,0,0,0,0,0,0,0,0,0
EIC_utilitypv_class1_moderate_2,solar_new,1,10.83740575,0,0,0,0,0,0,0,0,0,0,0,0,0
EIC_utilitypv_class1_moderate_3,solar_new,1,7.080471927,0,0,0,0,0,0,0,0,0,0,0,0,0
EIC_utilitypv_class1_moderate_4,solar_new,1,5.407949831,0,0,0,0,0,0,0,0,0,0,0,0,0
EIC_utilitypv_class1_moderate_5,solar_new,1,5.350252825,0,0,0,0,0,0,0,0,0,0,0,0,0
EIC_utilitypv_class1_moderate_6,solar_new,1,2.972161264,0,0,0,0,0,0,0,0,0,0,0,0,0
EIC_utilitypv_class1_moderate_7,solar_new,1,4.145784337,0,0,0,0,0,0,0,0,0,0,0,0,0
EIC_utilitypv_class1_moderate_8,solar_new,1,2.082343918,0,0,0,0,0,0,0,0,0,0,0,0,0
EIC_utilitypv_class1_moderate_9,solar_new,1,2.479997248,0,0,0,0,0,0,0,0,0,0,0,0,0
EIC_offshorewind_class3_moderate_fixed_1_0,offshore_wind_new,1,1.076163467,0,0,0,0,0,0,0,0,0,0,0,0,0
EIC_offshorewind_class3_moderate_fixed_1_1,offshore_wind_new,1,0.582144262,0,0,0,0,0,0,0,0,0,0,0,0,0
EIC_offshorewind_class3_moderate_fixed_1_2,offshore_wind_new,1,3.983464342,0,0,0,0,0,0,0,0,0,0,0,0,0
EIC_offshorewind_class3_moderate_fixed_1_3,offshore_wind_new,1,1.474105705,0,0,0,0,0,0,0,0,0,0,0,0,0
EIC_offshorewind_class3_moderate_fixed_1_4,offshore_wind_new,1,3.687063828,0,0,0,0,0,0,0,0,0,0,0,0,0
EIC_offshorewind_class3_moderate_fixed_1_5,offshore_wind_new,1,1.715607599,0,0,0,0,0,0,0,0,0,0,0,0,0
EIC_offshorewind_class3_moderate_fixed_1_6,offshore_wind_new,1,0.794818564,0,0,0,0,0,0,0,0,0,0,0,0,0
EIC_offshorewind_class3_moderate_fixed_1_7,offshore_wind_new,1,0.504245441,0,0,0,0,0,0,0,0,0,0,0,0,0
EIC_offshorewind_class3_moderate_fixed_1_8,offshore_wind_new,1,0.547479161,0,0,0,0,0,0,0,0,0,0,0,0,0
EIC_offshorewind_class3_moderate_fixed_1_9,offshore_wind_new,1,0.333435151,0,0,0,0,0,0,0,0,0,0,0,0,0
EIC_offshorewind_class3_moderate_fixed_0_0,offshore_wind_new,1,1.660583145,0,0,0,0,0,0,0,0,0,0,0,0,0
EIC_offshorewind_class3_moderate_fixed_0_1,offshore_wind_new,1,1.959893478,0,0,0,0,0,0,0,0,0,0,0,0,0
EIC_offshorewind_class3_moderate_fixed_0_2,offshore_wind_new,1,2.230297455,0,0,0,0,0,0,0,0,0,0,0,0,0
EIC_offshorewind_class3_moderate_fixed_0_3,offshore_wind_new,1,0.842625611,0,0,0,0,0,0,0,0,0,0,0,0,0
EIC_offshorewind_class3_moderate_fixed_0_4,offshore_wind_new,1,1.501364416,0,0,0,0,0,0,0,0,0,0,0,0,0
EIC_offshorewind_class3_moderate_fixed_0_5,offshore_wind_new,1,1.333536811,0,0,0,0,0,0,0,0,0,0,0,0,0
EIC_offshorewind_class3_moderate_fixed_0_6,offshore_wind_new,1,1.211925752,0,0,0,0,0,0,0,0,0,0,0,0,0
EIC_offshorewind_class3_moderate_fixed_0_7,offshore_wind_new,1,1.158470167,0,0,0,0,0,0,0,0,0,0,0,0,0
EIC_offshorewind_class3_moderate_fixed_0_8,offshore_wind_new,1,1.03944741,0,0,0,0,0,0,0,0,0,0,0,0,0
EIC_offshorewind_class3_moderate_fixed_0_9,offshore_wind_new,1,1.212272734,0,0,0,0,0,0,0,0,0,0,0,0,0
EIC_offshorewind_class12_moderate_floating_1_0,offshore_wind_new,1,0.385014586,0,0,0,0,0,0,0,0,0,0,0,0,0
EIC_offshorewind_class12_moderate_floating_1_1,offshore_wind_new,1,0.597529973,0,0,0,0,0,0,0,0,0,0,0,0,0
EIC_offshorewind_class12_moderate_floating_1_2,offshore_wind_new,1,0.780222914,0,0,0,0,0,0,0,0,0,0,0,0,0
EIC_offshorewind_class12_moderate_floating_1_3,offshore_wind_new,1,0.463033702,0,0,0,0,0,0,0,0,0,0,0,0,0
EIC_offshorewind_class12_moderate_floating_1_4,offshore_wind_new,1,0.295368294,0,0,0,0,0,0,0,0,0,0,0,0,0
EIC_offshorewind_class12_moderate_floating_1_5,offshore_wind_new,1,0.884958074,0,0,0,0,0,0,0,0,0,0,0,0,0
EIC_offshorewind_class12_moderate_floating_1_6,offshore_wind_new,1,0.330868263,0,0,0,0,0,0,0,0,0,0,0,0,0
EIC_offshorewind_class12_moderate_floating_1_7,offshore_wind_new,1,0.278266815,0,0,0,0,0,0,0,0,0,0,0,0,0
EIC_offshorewind_class12_moderate_floating_1_8,offshore_wind_new,1,0.300783859,0,0,0,0,0,0,0,0,0,0,0,0,0
EIC_offshorewind_class12_moderate_floating_1_9,offshore_wind_new,1,0.289614111,0,0,0,0,0,0,0,0,0,0,0,0,0
EIC_offshorewind_class12_moderate_floating_0_0,offshore_wind_new,1,0.899498313,0,0,0,0,0,0,0,0,0,0,0,0,0
EIC_offshorewind_class12_moderate_floating_0_1,offshore_wind_new,1,1.34541101,0,0,0,0,0,0,0,0,0,0,0,0,0
EIC_offshorewind_class12_moderate_floating_0_2,offshore_wind_new,1,1.053150928,0,0,0,0,0,0,0,0,0,0,0,0,0
EIC_offshorewind_class12_moderate_floating_0_3,offshore_wind_new,1,1.303852675,0,0,0,0,0,0,0,0,0,0,0,0,0
EIC_offshorewind_class12_moderate_floating_0_4,offshore_wind_new,1,1.394022646,0,0,0,0,0,0,0,0,0,0,0,0,0
EIC_offshorewind_class12_moderate_floating_0_5,offshore_wind_new,1,1.016402994,0,0,0,0,0,0,0,0,0,0,0,0,0
EIC_offshorewind_class12_moderate_floating_0_6,offshore_wind_new,1,0.9896126,0,0,0,0,0,0,0,0,0,0,0,0,0
EIC_offshorewind_class12_moderate_floating_0_7,offshore_wind_new,1,1.003330401,0,0,0,0,0,0,0,0,0,0,0,0,0
EIC_offshorewind_class12_moderate_floating_0_8,offshore_wind_new,1,0.971508022,0,0,0,0,0,0,0,0,0,0,0,0,0
EIC_offshorewind_class12_moderate_floating_0_9,offshore_wind_new,1,0.776851996,0,0,0,0,0,0,0,0,0,0,0,0,0
TRE_landbasedwind_class1_moderate_0,wind_new,2,17797.50121,0,19092.15924,0,18026.34977,0,18291.84916,0,18254.36587,0,21283.73563,0,21209.73688,0
TRE_landbasedwind_class1_moderate_1,wind_new,2,7.186480055,0,0,0,0,0,0,0,0,0,0,0,0,0
TRE_landbasedwind_class1_moderate_2,wind_new,2,51.16357403,0,0,0,0,0,0,0,0,0,0,0,0,0
TRE_landbasedwind_class1_moderate_3,wind_new,2,4.139193345,0,0,0,0,0,0,0,0,0,0,0,0,0
TRE_landbasedwind_class1_moderate_4,wind_new,2,10.0383573,0,0,0,0,0,0,0,0,0,0,0,0,0
TRE_landbasedwind_class1_moderate_5,wind_new,2,164.6907206,0,0,0,0,0,0,0,0,0,0,0,0,0
TRE_landbasedwind_class1_moderate_6,wind_new,2,9.00180608,0,0,0,0,0,0,0,0,0,0,0,0,0
TRE_landbasedwind_class1_moderate_7,wind_new,2,6.001067063,0,0,0,0,0,0,0,0,0,0,0,0,0
TRE_landbasedwind_class1_moderate_8,wind_new,2,3.477049123,0,0,0,0,0,0,0,0,0,0,0,0,0
TRE_landbasedwind_class1_moderate_9,wind_new,2,1.353697425,0,0,0,0,0,0,0,0,0,0,0,0,0
TRE_utilitypv_class1_moderate_0,solar_new,2,48722.40724,0,48561.02738,0,49736.1496,0,48691.25967,0,48702.86054,0,44540.22612,0,44679.41012,0
TRE_utilitypv_class1_moderate_1,solar_new,2,28.44897164,0,0,0,0,0,0,0,0,0,0,0,0,0
TRE_utilitypv_class1_moderate_2,solar_new,2,16.85849837,0,0,0,0,0,0,0,0,0,0,0,0,0
TRE_utilitypv_class1_moderate_3,solar_new,2,21.11305807,0,0,0,0,0,0,0,0,0,0,0,0,0
TRE_utilitypv_class1_moderate_4,solar_new,2,5.75087351,0,0,0,0,0,0,0,0,0,0,0,0,0
TRE_utilitypv_class1_moderate_5,solar_new,2,9.596641222,0,0,0,0,0,0,0,0,0,0,0,0,0
TRE_utilitypv_class1_moderate_6,solar_new,2,2.820342444,0,0,0,0,0,0,0,0,0,0,0,0,0
TRE_utilitypv_class1_moderate_7,solar_new,2,4.655707798,0,0,0,0,0,0,0,0,0,0,0,0,0
TRE_utilitypv_class1_moderate_8,solar_new,2,1.759282327,0,0,0,0,0,0,0,0,0,0,0,0,0
TRE_utilitypv_class1_moderate_9,solar_new,2,3.116811689,0,0,0,0,0,0,0,0,0,0,0,0,0
TRE_offshorewind_class3_moderate_fixed_1_0,offshore_wind_new,2,0.736034168,0,0,0,0,0,0,0,0,0,0,0,0,0
TRE_offshorewind_class3_moderate_fixed_1_1,offshore_wind_new,2,0.762979849,0,0,0,0,0,0,0,0,0,0,0,0,0
TRE_offshorewind_class3_moderate_fixed_1_2,offshore_wind_new,2,0.573525675,0,0,0,0,0,0,0,0,0,0,0,0,0
TRE_offshorewind_class3_moderate_fixed_1_3,offshore_wind_new,2,0.561521323,0,0,0,0,0,0,0,0,0,0,0,0,0
TRE_offshorewind_class3_moderate_fixed_1_4,offshore_wind_new,2,0.750202262,0,0,0,0,0,0,0,0,0,0,0,0,0
TRE_offshorewind_class3_moderate_fixed_1_5,offshore_wind_new,2,0.27552341,0,0,0,0,0,0,0,0,0,0,0,0,0
TRE_offshorewind_class3_moderate_fixed_1_6,offshore_wind_new,2,0.561028191,0,0,0,0,0,0,0,0,0,0,0,0,0
TRE_offshorewind_class3_moderate_fixed_1_7,offshore_wind_new,2,0.642399511,0,0,0,0,0,0,0,0,0,0,0,0,0
TRE_offshorewind_class3_moderate_fixed_1_8,offshore_wind_new,2,0.604580306,0,0,0,0,0,0,0,0,0,0,0,0,0
TRE_offshorewind_class3_moderate_fixed_1_9,offshore_wind_new,2,0.640947403,0,0,0,0,0,0,0,0,0,0,0,0,0
TRE_offshorewind_class3_moderate_fixed_0_0,offshore_wind_new,2,0.58238519,0,0,0,0,0,0,0,0,0,0,0,0,0
TRE_offshorewind_class3_moderate_fixed_0_1,offshore_wind_new,2,0.601750174,0,0,0,0,0,0,0,0,0,0,0,0,0
TRE_offshorewind_class3_moderate_fixed_0_2,offshore_wind_new,2,0.462212186,0,0,0,0,0,0,0,0,0,0,0,0,0
TRE_offshorewind_class3_moderate_fixed_0_3,offshore_wind_new,2,0.522877519,0,0,0,0,0,0,0,0,0,0,0,0,0
TRE_offshorewind_class3_moderate_fixed_0_4,offshore_wind_new,2,0.528565107,0,0,0,0,0,0,0,0,0,0,0,0,0
TRE_offshorewind_class3_moderate_fixed_0_5,offshore_wind_new,2,0.495863195,0,0,0,0,0,0,0,0,0,0,0,0,0
TRE_offshorewind_class3_moderate_fixed_0_6,offshore_wind_new,2,0.478304985,0,0,0,0,0,0,0,0,0,0,0,0,0
TRE_offshorewind_class3_moderate_fixed_0_7,offshore_wind_new,2,0.451806373,0,0,0,0,0,0,0,0,0,0,0,0,0
TRE_offshorewind_class3_moderate_fixed_0_8,offshore_wind_new,2,0.437226391,0,0,0,0,0,0,0,0,0,0,0,0,0
TRE_offshorewind_class3_moderate_fixed_0_9,offshore_wind_new,2,0.36720102,0,0,0,0,0,0,0,0,0,0,0,0,0
TRE_offshorewind_class12_moderate_floating_1_0,offshore_wind_new,2,0.567492502,0,0,0,0,0,0,0,0,0,0,0,0,0
TRE_offshorewind_class12_moderate_floating_1_1,offshore_wind_new,2,0.499975318,0,0,0,0,0,0,0,0,0,0,0,0,0
TRE_offshorewind_class12_moderate_floating_1_2,offshore_wind_new,2,0.578118258,0,0,0,0,0,0,0,0,0,0,0,0,0
TRE_offshorewind_class12_moderate_floating_1_3,offshore_wind_new,2,0.430971588,0,0,0,0,0,0,0,0,0,0,0,0,0
TRE_offshorewind_class12_moderate_floating_1_4,offshore_wind_new,2,0.447008412,0,0,0,0,0,0,0,0,0,0,0,0,0
TRE_offshorewind_class12_moderate_floating_1_5,offshore_wind_new,2,0.524749652,0,0,0,0,0,0,0,0,0,0,0,0,0
TRE_offshorewind_class12_moderate_floating_1_6,offshore_wind_new,2,0.541185354,0,0,0,0,0,0,0,0,0,0,0,0,0
TRE_offshorewind_class12_moderate_floating_1_7,offshore_wind_new,2,0.419584353,0,0,0,0,0,0,0,0,0,0,0,0,0
TRE_offshorewind_class12_moderate_floating_1_8,offshore_wind_new,2,0.526589245,0,0,0,0,0,0,0,0,0,0,0,0,0
TRE_offshorewind_class12_moderate_floating_1_9,offshore_wind_new,2,0.268082199,0,0,0,0,0,0,0,0,0,0,0,0,0
TRE_offshorewind_class12_moderate_floating_0_0,offshore_wind_new,2,0.272315114,0,0,0,0,0,0,0,0,0,0,0,0,0
TRE_offshorewind_class12_moderate_floating_0_1,offshore_wind_new,2,0.421353803,0,0,0,0,0,0,0,0,0,0,0,0,0
TRE_offshorewind_class12_moderate_floating_0_2,offshore_wind_new,2,0.318741782,0,0,0,0,0,0,0,0,0,0,0,0,0
TRE_offshorewind_class12_moderate_floating_0_3,offshore_wind_new,2,0.241609555,0,0,0,0,0,0,0,0,0,0,0,0,0
TRE_offshorewind_class12_moderate_floating_0_4,offshore_wind_new,2,0.334341105,0,0,0,0,0,0,0,0,0,0,0,0,0
TRE_offshorewind_class12_moderate_floating_0_5,offshore_wind_new,2,0.483360098,0,0,0,0,0,0,0,0,0,0,0,0,0
TRE_offshorewind_class12_moderate_floating_0_6,offshore_wind_new,2,0.343217974,0,0,0,0,0,0,0,0,0,0,0,0,0
TRE_offshorewind_class12_moderate_floating_0_7,offshore_wind_new,2,0.480500856,0,0,0,0,0,0,0,0,0,0,0,0,0
TRE_offshorewind_class12_moderate_floating_0_8,offshore_wind_new,2,0.315032162,0,0,0,0,0,0,0,0,0,0,0,0,0
TRE_offshorewind_class12_moderate_floating_0_9,offshore_wind_new,2,0.312946861,0,0,0,0,0,0,0,0,0,0,0,0,0
WECC_landbasedwind_class1_moderate_0,wind_new,3,6922.076874,0,7336.024503,0,7910.450095,0,3722.030692,0,3819.159732,0,4615.13678,0,4692.789921,0
WECC_landbasedwind_class1_moderate_1,wind_new,3,2.233595423,0,0,0,0,0,0,0,0,0,0,0,0,0
WECC_landbasedwind_class1_moderate_2,wind_new,3,0.017170017,0,0,0,0,0,0,0,0,0,0,0,0,0
WECC_landbasedwind_class1_moderate_3,wind_new,3,0.025466748,0,0,0,0,0,0,0,0,0,0,0,0,0
WECC_landbasedwind_class1_moderate_4,wind_new,3,0.011847204,0,0,0,0,0,0,0,0,0,0,0,0,0
WECC_landbasedwind_class1_moderate_5,wind_new,3,0.009596282,0,0,0,0,0,0,0,0,0,0,0,0,0
WECC_landbasedwind_class1_moderate_6,wind_new,3,0.009111788,0,0,0,0,0,0,0,0,0,0,0,0,0
WECC_landbasedwind_class1_moderate_7,wind_new,3,0.009620395,0,0,0,0,0,0,0,0,0,0,0,0,0
WECC_landbasedwind_class1_moderate_8,wind_new,3,0.007313172,0,0,0,0,0,0,0,0,0,0,0,0,0
WECC_landbasedwind_class1_moderate_9,wind_new,3,0.009491252,0,0,0,0,0,0,0,0,0,0,0,0,0
WECC_utilitypv_class1_moderate_0,solar_new,3,0.256167579,0,0,0,0,0,0,0,0,0,0,0,0,0
WECC_utilitypv_class1_moderate_1,solar_new,3,45498.76493,0,46449.16207,0,43831.25243,0,46453.44916,0,46598.01109,0,41095.45602,0,40914.64405,0
WECC_utilitypv_class1_moderate_2,solar_new,3,0.087773189,0,0,0,0,0,0,0,0,0,0,0,0,0
WECC_utilitypv_class1_moderate_3,solar_new,3,0.096322752,0,0,0,0,0,0,0,0,0,0,0,0,0
WECC_utilitypv_class1_moderate_4,solar_new,3,0.088846202,0,0,0,0,0,0,0,0,0,0,0,0,0
WECC_utilitypv_class1_moderate_5,solar_new,3,0.041395267,0,0,0,0,0,0,0,0,0,0,0,0,0
WECC_utilitypv_class1_moderate_6,solar_new,3,0.060744085,0,0,0,0,0,0,0,0,0,0,0,0,0
WECC_utilitypv_class1_moderate_7,solar_new,3,0.043783344,0,0,0,0,0,0,0,0,0,0,0,0,0
WECC_utilitypv_class1_moderate_8,solar_new,3,0.042223545,0,0,0,0,0,0,0,0,0,0,0,0,0
WECC_utilitypv_class1_moderate_9,solar_new,3,0.035316319,0,0,0,0,0,0,0,0,0,0,0,0,0
WECC_offshorewind_class3_moderate_fixed_0_0,offshore_wind_new,3,0.006497739,0,0,0,0,0,0,0,0,0,0,0,0,0
WECC_offshorewind_class3_moderate_fixed_0_1,offshore_wind_new,3,0.008672473,0,0,0,0,0,0,0,0,0,0,0,0,0
WECC_offshorewind_class3_moderate_fixed_0_2,offshore_wind_new,3,0.007267224,0,0,0,0,0,0,0,0,0,0,0,0,0
WECC_offshorewind_class3_moderate_fixed_0_3,offshore_wind_new,3,0.009397889,0,0,0,0,0,0,0,0,0,0,0,0,0
WECC_offshorewind_class3_moderate_fixed_0_4,offshore_wind_new,3,0.005052404,0,0,0,0,0,0,0,0,0,0,0,0,0
WECC_offshorewind_class3_moderate_fixed_0_5,offshore_wind_new,3,0.005222654,0,0,0,0,0,0,0,0,0,0,0,0,0
WECC_offshorewind_class3_moderate_fixed_0_6,offshore_wind_new,3,0.003880259,0,0,0,0,0,0,0,0,0,0,0,0,0
WECC_offshorewind_class3_moderate_fixed_0_7,offshore_wind_new,3,0.008611056,0,0,0,0,0,0,0,0,0,0,0,0,0
WECC_offshorewind_class3_moderate_fixed_0_8,offshore_wind_new,3,0.004790493,0,0,0,0,0,0,0,0,0,0,0,0,0
WECC_offshorewind_class3_moderate_fixed_0_9,offshore_wind_new,3,0.002869963,0,0,0,0,0,0,0,0,0,0,0,0,0
WECC_offshorewind_class12_moderate_floating_1_0,offshore_wind_new,3,0.005290851,0,0,0,0,0,0,0,0,0,0,0,0,0
WECC_offshorewind_class12_moderate_floating_1_1,offshore_wind_new,3,0.003146423,0,0,0,0,0,0,0,0,0,0,0,0,0
WECC_offshorewind_class12_moderate_floating_1_2,offshore_wind_new,3,0.003003776,0,0,0,0,0,0,0,0,0,0,0,0,0
WECC_offshorewind_class12_moderate_floating_1_3,offshore_wind_new,3,0.003257802,0,0,0,0,0,0,0,0,0,0,0,0,0
WECC_offshorewind_class12_moderate_floating_1_4,offshore_wind_new,3,0.002799407,0,0,0,0,0,0,0,0,0,0,0,0,0
WECC_offshorewind_class12_moderate_floating_1_5,offshore_wind_new,3,0.006053044,0,0,0,0,0,0,0,0,0,0,0,0,0
WECC_offshorewind_class12_moderate_floating_1_6,offshore_wind_new,3,0.003518105,0,0,0,0,0,0,0,0,0,0,0,0,0
WECC_offshorewind_class12_moderate_floating_1_7,offshore_wind_new,3,0.005799452,0,0,0,0,0,0,0,0,0,0,0,0,0
WECC_offshorewind_class12_moderate_floating_1_8,offshore_wind_new,3,0.003516637,0,0,0,0,0,0,0,0,0,0,0,0,0
WECC_offshorewind_class12_moderate_floating_1_9,offshore_wind_new,3,0.003684952,0,0,0,0,0,0,0,0,0,0,0,0,0
WECC_offshorewind_class12_moderate_floating_0_0,offshore_wind_new,3,0.003008261,0,0,0,0,0,0,0,0,0,0,0,0,0
WECC_offshorewind_class12_moderate_floating_0_1,offshore_wind_new,3,0.003731415,0,0,0,0,0,0,0,0,0,0,0,0,0
WECC_offshorewind_class12_moderate_floating_0_2,offshore_wind_new,3,0.00250645,0,0,0,0,0,0,0,0,0,0,0,0,0
WECC_offshorewind_class12_moderate_floating_0_3,offshore_wind_new,3,0.005664924,0,0,0,0,0,0,0,0,0,0,0,0,0
WECC_offshorewind_class12_moderate_floating_0_4,offshore_wind_new,3,0.002332858,0,0,0,0,0,0,0,0,0,0,0,0,0
WECC_offshorewind_class12_moderate_floating_0_5,offshore_wind_new,3,0.004618758,0,0,0,0,0,0,0,0,0,0,0,0,0
WECC_offshorewind_class12_moderate_floating_0_6,offshore_wind_new,3,0.003923255,0,0,0,0,0,0,0,0,0,0,0,0,0
WECC_offshorewind_class12_moderate_floating_0_7,offshore_wind_new,3,0.001995401,0,0,0,0,0,0,0,0,0,0,0,0,0
WECC_offshorewind_class12_moderate_floating_0_8,offshore_wind_new,3,0.002265677,0,0,0,0,0,0,0,0,0,0,0,0,0
WECC_offshorewind_class12_moderate_floating_0_9,offshore_wind_new,3,0.002840778,0,0,0,0,0,0,0,0,0,0,0,0,0
EIC_batteries_1,batteries,1,1851.5,3704.1,1851.5,3704.1,1851.5,3704.1,1851.5,3704.1,1851.5,3704.1,1851.5,3704.1,1851.5,3704.1
EIC_hydroelectric_pumped_storage_1,pumped hydro,1,17783.1,275638,17783.1,275638,17783.1,275638,17783.1,275638,17783.1,275638,17783.1,275638,17783.1,275638
TRE_batteries_1,batteries,2,2843.7,5246.8,2843.7,5246.8,2843.7,5246.8,2843.7,5246.8,2843.7,5246.8,2843.7,5246.8,2843.7,5246.8
WECC_batteries_1,batteries,3,9786.9,25951.3,9786.9,25951.3,9786.9,25951.3,9786.9,25951.3,9786.9,25951.3,9786.9,25951.3,9786.9,25951.3
WECC_hydroelectric_pumped_storage_1,pumped hydro,3,5053,78321.5,5053,78321.5,5053,78321.5,5053,78321.5,5053,78321.5,5053,78321.5,5053,78321.5
EIC_battery_moderate_0,batteries_new,1,52324.23242,131384.6277,50805.83288,114460.9251,51416.41132,119386.4,57720.48306,189131.9054,52043.1532,148227.1408,67179.41221,222579.1075,59986.4657,181698.4343
EIC_storage_metalair_advanced_0,ldes_new,1,676,135200,676,135200,676,135200,676,135200,676,135200,676,135200,676,135200
TRE_battery_moderate_0,batteries_new,2,500.4987092,4885.503562,0,0,418.7472023,4187.472023,367.2217892,3577.285527,383.4001809,3749.688152,0,0,-2.42E-12,-2.42E-11
TRE_storage_metalair_advanced_0,ldes_new,2,105,21000,105,21000,105,21000,105,21000,105,21000,105,21000,105,21000
WECC_battery_moderate_0,batteries_new,3,12.86720983,99.17456429,0,0,0,0,0,0,0,0,0,0,0,0
WECC_storage_metalair_advanced_0,ldes_new,3,219,43800,219,43800,219,43800,219,43800,219,43800,219,43800,219,43800
EIC_res_water_heat_1,res_water_heat,1,8238.2,0,8238.2,0,8238.2,0,8238.2,0,8238.2,0,8238.2,0,8238.2,0
TRE_res_water_heat_1,res_water_heat,2,1049.5,0,1049.5,0,1049.5,0,1049.5,0,1049.5,0,1049.5,0,1049.5,0
WECC_res_water_heat_1,res_water_heat,3,2578.7,0,2578.7,0,2578.7,0,2578.7,0,2578.7,0,2578.7,0,2578.7,0
EIC_comm_water_heat_1,comm_water_heat,1,2922.1,0,2922.1,0,2922.1,0,2922.1,0,2922.1,0,2922.1,0,2922.1,0
TRE_comm_water_heat_1,comm_water_heat,2,368.7,0,368.7,0,368.7,0,368.7,0,368.7,0,368.7,0,368.7,0
WECC_comm_water_heat_1,comm_water_heat,3,1130.3,0,1130.3,0,1130.3,0,1130.3,0,1130.3,0,1130.3,0,1130.3,0
EIC_trans_light_duty_1,trans_light_duty,1,227552.1,0,227552.1,0,227552.1,0,227552.1,0,227552.1,0,227552.1,0,227552.1,0
TRE_trans_light_duty_1,trans_light_duty,2,34387.8,0,34387.8,0,34387.8,0,34387.8,0,34387.8,0,34387.8,0,34387.8,0
WECC_trans_light_duty_1,trans_light_duty,3,88930.5,0,88930.5,0,88930.5,0,88930.5,0,88930.5,0,88930.5,0,88930.5,0
EIC_res_space_heat_cool_1,res_space_heat_cool,1,47457,0,47457,0,47457,0,47457,0,47457,0,47457,0,47457,0
TRE_res_space_heat_cool_1,res_space_heat_cool,2,7585.9,0,7585.9,0,7585.9,0,7585.9,0,7585.9,0,7585.9,0,7585.9,0
WECC_res_space_heat_cool_1,res_space_heat_cool,3,12467.5,0,12467.5,0,12467.5,0,12467.5,0,12467.5,0,12467.5,0,12467.5,0
EIC_comm_space_heat_cool_1,comm_space_heat_cool,1,41624.8,0,41624.8,0,41624.8,0,41624.8,0,41624.8,0,41624.8,0,41624.8,0
TRE_comm_space_heat_cool_1,comm_space_heat_cool,2,6978.6,0,6978.6,0,6978.6,0,6978.6,0,6978.6,0,6978.6,0,6978.6,0
WECC_comm_space_heat_cool_1,comm_space_heat_cool,3,7483.3,0,7483.3,0,7483.3,0,7483.3,0,7483.3,0,7483.3,0,7483.3,0
EIC_biomass_1,biomass,1,2477.3,0,2477.3,0,2477.3,0,2477.3,0,2477.3,0,2477.3,0,2477.3,0
EIC_small_hydroelectric_1,small hydro,1,1855.7,0,1855.7,0,1855.7,0,1855.7,0,1855.7,0,1855.7,0,1855.7,0
TRE_biomass_1,biomass,2,48.8,0,48.8,0,48.8,0,48.8,0,48.8,0,48.8,0,48.8,0
TRE_small_hydroelectric_1,small hydro,2,18.4,0,18.4,0,18.4,0,18.4,0,18.4,0,18.4,0,18.4,0
WECC_biomass_1,biomass,3,630.1,0,630.1,0,630.1,0,630.1,0,630.1,0,630.1,0,630.1,0
WECC_small_hydroelectric_1,small hydro,3,1384.9,0,1384.9,0,1384.9,0,1384.9,0,1384.9,0,1384.9,0,1384.9,0
EIC_distributed_generation_1,dg,1,57980,0,57980,0,57980,0,57980,0,57980,0,57980,0,57980,0
TRE_distributed_generation_1,dg,2,8971,0,8971,0,8971,0,8971,0,8971,0,8971,0,8971,0
WECC_distributed_generation_1,dg,3,25592,0,25592,0,25592,0,25592,0,25592,0,25592,0,25592,0
Total,total,n/a,2.11E+06,725231.0058,2.10E+06,703322.6251,2.10E+06,712435.572,2.13E+06,781570.891,2.10E+06,740838.5289,2.15E+06,811440.8075,2.11E+06,770560.1343