Time_Index,NENGREST_biomass_1,NENGREST_conventional_hydroelectric_1,NENGREST_hydroelectric_pumped_storage_1,NENGREST_natural_gas_fired_combined_cycle_1,NENGREST_natural_gas_fired_combined_cycle_2,NENGREST_natural_gas_fired_combustion_turbine_1,NENGREST_natural_gas_fired_combustion_turbine_2,NENGREST_natural_gas_steam_turbine_1,NENGREST_nuclear_1,NENGREST_offshore_wind_turbine_1,NENGREST_onshore_wind_turbine_1,NENGREST_small_hydroelectric_1,NENGREST_solar_photovoltaic_1,NENG_CT_biomass_1,NENG_CT_conventional_hydroelectric_1,NENG_CT_hydroelectric_pumped_storage_1,NENG_CT_natural_gas_fired_combined_cycle_1,NENG_CT_natural_gas_fired_combined_cycle_2,NENG_CT_natural_gas_fired_combustion_turbine_1,NENG_CT_natural_gas_fired_combustion_turbine_2,NENG_CT_nuclear_1,NENG_CT_onshore_wind_turbine_1,NENG_CT_small_hydroelectric_1,NENG_CT_solar_photovoltaic_1,NENG_ME_biomass_1,NENG_ME_conventional_hydroelectric_1,NENG_ME_natural_gas_fired_combined_cycle_1,NENG_ME_natural_gas_fired_combined_cycle_2,NENG_ME_natural_gas_fired_combustion_turbine_1,NENG_ME_onshore_wind_turbine_1,NENG_ME_small_hydroelectric_1,NENG_ME_solar_photovoltaic_1,NENGREST_naturalgas_ccccsavgcf_mid_0,NENGREST_naturalgas_ccavgcf_mid_0,NENGREST_naturalgas_ctavgcf_mid_0,NENGREST_battery_mid_0,NENGREST_naturalgas_ccs100_mid_0,NENGREST_landbasedwind_ltrg1_mid_130_1,NENGREST_utilitypv_losangeles_mid_80_0_2_1,NENGREST_offshorewind_otrg3_mid_fixed_1_176_77_1,NENG_CT_naturalgas_ccccsavgcf_mid_0,NENG_CT_naturalgas_ccavgcf_mid_0,NENG_CT_naturalgas_ctavgcf_mid_0,NENG_CT_battery_mid_0,NENG_CT_naturalgas_ccs100_mid_0,NENG_CT_landbasedwind_ltrg1_mid_110_1,NENG_CT_utilitypv_losangeles_mid_80_0_2_1,NENG_CT_offshorewind_otrg3_mid_fixed_1_176_77_1,NENG_ME_naturalgas_ccccsavgcf_mid_0,NENG_ME_naturalgas_ccavgcf_mid_0,NENG_ME_naturalgas_ctavgcf_mid_0,NENG_ME_battery_mid_0,NENG_ME_naturalgas_ccs100_mid_0,NENG_ME_landbasedwind_ltrg1_mid_110_1,NENG_ME_utilitypv_losangeles_mid_100_0_2_1,NENGREST_heat_load_shifting_1,NENG_CT_heat_load_shifting_1,NENG_ME_heat_load_shifting_1
0,1,0.4136,1,1,1,1,1,1,1,1,0.2949,0.4136,0,1,0.3184,1,1,1,1,1,1,0.1727,0.3184,0,1,0.6451,1,1,1,0.5246,0.6451,0,1,1,1,1,1,0.396942616,0,0.692882299,1,1,1,1,1,0.227019295,0,0.100365713,1,1,1,1,1,0.750804782,0,0.469610923,0.469642479,0.469858156
1,1,0.4135,1,1,1,1,1,1,1,1,0.2855,0.4135,0,1,0.3184,1,1,1,1,1,1,0.1644,0.3184,0,1,0.6452,1,1,1,0.5049,0.6452,0,1,1,1,1,1,0.351704359,0,0.756700516,1,1,1,1,1,0.235586584,0,0.267657876,1,1,1,1,1,0.71875,0,0.444055099,0.444044849,0.444148936
2,1,0.4134,1,1,1,1,1,1,1,1,0.2822,0.4134,0,1,0.3184,1,1,1,1,1,1,0.2645,0.3184,0,1,0.6453,1,1,1,0.4734,0.6453,0,1,1,1,1,1,0.397691101,0,0.573801279,1,1,1,1,1,0.297784984,0,0.260432482,1,1,1,1,1,0.628944397,0,0.425144998,0.425005289,0.425088652
3,1,0.4132,1,1,1,1,1,1,1,1,0.2999,0.4132,0,1,0.3184,1,1,1,1,1,1,0.214,0.3184,0,1,0.6454,1,1,1,0.443,0.6454,0,1,1,1,1,1,0.427253336,0,0.457804859,1,1,1,1,1,0.25886327,0,0.229244262,1,1,1,1,1,0.579314351,0,0.415538908,0.415697059,0.415780142
4,1,0.4131,1,1,1,1,1,1,1,1,0.2623,0.4131,0,1,0.3184,1,1,1,1,1,1,0.1407,0.3184,0,1,0.6455,1,1,1,0.4305,0.6455,0,1,1,1,1,1,0.339119017,0,0.468307495,1,1,1,1,1,0.153275698,0,0.092216238,1,1,1,1,1,0.528715968,0,0.414088932,0.414004654,0.414007092
5,1,0.413,1,1,1,1,1,1,1,1,0.1912,0.413,0,1,0.3184,1,1,1,1,1,1,0.0858,0.3184,0,1,0.6456,1,1,1,0.3967,0.6456,0,1,1,1,1,1,0.236915365,0,0.412337005,1,1,1,1,1,0.099269398,0,0.104046598,1,1,1,1,1,0.454047352,0,0.421399227,0.421408927,0.421542553
6,1,0.4128,1,1,1,1,1,1,1,1,0.136,0.4128,0,1,0.3183,1,1,1,1,1,1,0.1152,0.3183,0,1,0.6457,1,1,1,0.342,0.6457,0,1,1,1,1,1,0.193665192,0,0.262161851,1,1,1,1,1,0.12413507,0,0.04129529,1,1,1,1,1,0.373771489,0,0.437046883,0.437063677,0.437056738
7,1,0.4127,1,1,1,1,1,1,1,1,0.1334,0.4127,0,1,0.3183,1,1,1,1,1,1,0.1681,0.3183,0,1,0.6458,1,1,1,0.2295,0.6458,0,1,1,1,1,1,0.214257017,0,0.125884831,1,1,1,1,1,0.171423361,0,0.014864398,1,1,1,1,1,0.307659447,0,0.451244563,0.451237571,0.451241135
8,1,0.4126,1,1,1,1,1,1,1,1,0.0745,0.4126,0.1779,1,0.3183,1,1,1,1,1,1,0.1389,0.3183,0.2003,1,0.6459,1,1,1,0.1839,0.6459,0.0921,1,1,1,1,1,0.137640193,0.307505727,0.016297186,1,1,1,1,1,0.140140936,0.349100381,0.035862304,1,1,1,1,1,0.271249354,0.322813988,0.475350411,0.475354347,0.475177305
9,1,0.4124,1,1,1,1,1,1,1,1,0.0048,0.4124,0.429,1,0.3183,1,1,1,1,1,1,0,0.3183,0.4221,1,0.646,1,1,1,0.0605,0.646,0.3908,1,1,1,1,1,0.001854794,0.664258897,0.006198792,1,1,1,1,1,0,0.649626613,0.058487438,1,1,1,1,1,0.041609347,0.698319793,0.498852102,0.498836471,0.499113475
10,1,0.4123,1,1,1,1,1,1,1,1,0.0102,0.4123,0.5748,1,0.3183,1,1,1,1,1,1,0,0.3183,0.5774,1,0.6461,1,1,1,0.02,0.6461,0.5199,1,1,1,1,1,0.001021812,0.806394994,0.004277106,1,1,1,1,1,0,0.817615747,0.048426706,1,1,1,1,1,0.017806141,0.848766565,0.513110198,0.513010366,0.51285461
11,1,0.4121,1,1,1,1,1,1,1,1,0.0157,0.4121,0.6484,1,0.3183,1,1,1,1,1,1,0,0.3183,0.6504,1,0.6462,1,1,1,0.0054,0.6462,0.5648,1,1,1,1,1,0.000917067,0.890713811,0.008617217,1,1,1,1,1,0.000700216,0.874043703,0.054960214,1,1,1,1,1,0.005531413,0.923345685,0.518366361,0.518299133,0.518617021
12,1,0.412,1,1,1,1,1,1,1,1,0.0189,0.412,0.6208,1,0.3183,1,1,1,1,1,1,0.0381,0.3183,0.6166,1,0.6463,1,1,1,0.0009,0.6463,0.5842,1,1,1,1,1,0.001747156,0.851356745,0.138515979,1,1,1,1,1,0.036487028,0.881147265,0.092642143,1,1,1,1,1,0.007275489,0.939960599,0.520843403,0.520837741,0.521276596
13,1,0.4119,1,1,1,1,1,1,1,1,0.0143,0.4119,0.596,1,0.3183,1,1,1,1,1,1,0.1596,0.3183,0.6205,1,0.6464,1,1,1,0.0022,0.6464,0.5502,1,1,1,1,1,0.002922443,0.827452779,0.164322734,1,1,1,1,1,0.142956242,0.858554244,0.275910497,1,1,1,1,1,0.013224672,0.819240212,0.516191397,0.516183626,0.516400709
14,1,0.4117,1,1,1,1,1,1,1,1,0.0458,0.4117,0.5013,1,0.3183,1,1,1,1,1,1,0.1289,0.3183,0.513,1,0.6465,1,1,1,0.0013,0.6465,0.4342,1,1,1,1,1,0.032402053,0.734777331,0.15682584,1,1,1,1,1,0.137140393,0.767803848,0.46294868,1,1,1,1,1,0.015135724,0.684976399,0.511056066,0.51110641,0.51108156
15,1,0.4116,1,1,1,1,1,1,1,1,0.067,0.4116,0.3311,1,0.3183,1,1,1,1,1,1,0.1519,0.3183,0.3369,1,0.6466,1,1,1,0.0144,0.6466,0.2639,1,1,1,1,1,0.063479923,0.490042329,0.114826471,1,1,1,1,1,0.152674079,0.544382453,0.8360641,1,1,1,1,1,0.047520526,0.462253869,0.514076849,0.514068119,0.514184397
16,1,0.4115,1,1,1,1,1,1,1,1,0.0606,0.4115,0.0642,1,0.3183,1,1,1,1,1,1,0.1017,0.3183,0.1068,1,0.6467,1,1,1,0.0585,0.6467,0.0101,1,1,1,1,1,0.04487535,0.181476921,0.14554593,1,1,1,1,1,0.100329429,0.254588842,0.683939576,1,1,1,1,1,0.162931502,4.89E-06,0.564101015,0.563994077,0.56427305
17,1,0.4113,1,1,1,1,1,1,1,1,0.1477,0.4113,0,1,0.3183,1,1,1,1,1,1,0.3104,0.3183,0,1,0.6468,1,1,1,0.1846,0.6468,0,1,1,1,1,1,0.181191564,0,0.555196047,1,1,1,1,1,0.355215728,0,0.775931239,1,1,1,1,1,0.392363906,0,0.611648139,0.611804527,0.611702128
18,1,0.4112,1,1,1,1,1,1,1,1,0.3617,0.4112,0,1,0.3183,1,1,1,1,1,1,0.3362,0.3183,0,1,0.6469,1,1,1,0.2693,0.6469,0,1,1,1,1,1,0.402027905,0,0.834268093,1,1,1,1,1,0.43245405,0,0.868137777,1,1,1,1,1,0.55997026,0,0.608083615,0.607996615,0.608156028
19,1,0.4111,1,1,1,1,1,1,1,1,0.3334,0.4111,0,1,0.3183,1,1,1,1,1,1,0.295,0.3183,0,1,0.647,1,1,1,0.3721,0.647,0,1,1,1,1,1,0.39749518,0,0.727838397,1,1,1,1,1,0.356460899,0,0.465393215,1,1,1,1,1,0.690556824,0,0.589475592,0.589591707,0.589539007
20,1,0.4109,1,1,1,1,1,1,1,1,0.3371,0.4109,0,1,0.3183,1,1,1,1,1,1,0.3486,0.3183,0,1,0.6471,1,1,1,0.4032,0.6471,0,1,1,1,1,1,0.496466726,0,0.715845704,1,1,1,1,1,0.360006928,0,0.662286997,1,1,1,1,1,0.705738544,0,0.567665539,0.567801989,0.567819149
21,1,0.4108,1,1,1,1,1,1,1,1,0.3655,0.4108,0,1,0.3183,1,1,1,1,1,1,0.402,0.3183,0,1,0.6472,1,1,1,0.4321,0.6472,0,1,1,1,1,1,0.473803699,0,0.997990131,1,1,1,1,1,0.485178649,0,1,1,1,1,1,1,0.706102192,0,0.537276462,0.537338693,0.537677305
22,1,0.4107,1,1,1,1,1,1,1,1,0.3239,0.4107,0,1,0.3183,1,1,1,1,1,1,0.5832,0.3183,0,1,0.6473,1,1,1,0.3869,0.6473,0,1,1,1,1,1,0.41893515,0,1,1,1,1,1,1,0.574807107,0,1,1,1,1,1,1,0.678121626,0,0.499637506,0.499682674,0.5
23,1,0.4105,1,1,1,1,1,1,1,1,0.3099,0.4105,0,1,0.3183,1,1,1,1,1,1,0.2323,0.3183,0,1,0.6474,1,1,1,0.3839,0.6474,0,1,1,1,1,1,0.284269661,0,1,1,1,1,1,1,0.278674126,0,1,1,1,1,1,1,0.698061824,0,0.457467376,0.457372541,0.457446809
24,1,0.4104,1,1,1,1,1,1,1,1,0.2563,0.4104,0,1,0.3183,1,1,1,1,1,1,0.1156,0.3183,0,1,0.6475,1,1,1,0.3826,0.6475,0,1,1,1,1,1,0.188350141,0,1,1,1,1,1,1,0.139861226,0,1,1,1,1,1,1,0.621020198,0,0.421761721,0.421832029,0.421985816
25,1,0.4103,1,1,1,1,1,1,1,1,0.2859,0.4103,0,1,0.3183,1,1,1,1,1,1,0.1172,0.3183,0,1,0.6476,1,1,1,0.371,0.6476,0,1,1,1,1,1,0.224506184,0,1,1,1,1,1,1,0.168102473,0,1,1,1,1,1,1,0.474156827,0,0.400132914,0.40004231,0.400265957
26,1,0.4101,1,1,1,1,1,1,1,1,0.3088,0.4101,0,1,0.3183,1,1,1,1,1,1,0.2896,0.3183,0,1,0.6477,1,1,1,0.398,0.6477,0,1,1,1,1,1,0.251233041,0,1,1,1,1,1,1,0.320846438,0,1,1,1,1,1,1,0.397637963,0,0.389741421,0.389676327,0.390070922
27,1,0.41,1,1,1,1,1,1,1,1,0.4519,0.41,0,1,0.3183,1,1,1,1,1,1,0.3875,0.3183,0,1,0.6478,1,1,1,0.4724,0.6478,0,1,1,1,1,1,0.423246384,0,1,1,1,1,1,1,0.398732245,0,1,1,1,1,1,1,0.459125578,0,0.387324795,0.38734927,0.387411348
28,1,0.4099,1,1,1,1,1,1,1,1,0.5653,0.4099,0,1,0.3183,1,1,1,1,1,1,0.1827,0.3183,0,1,0.6479,1,1,1,0.3937,0.6479,0,1,1,1,1,1,0.421854436,0,1,1,1,1,1,1,0.229090437,0,1,1,1,1,1,1,0.582124412,0,0.395903818,0.395811297,0.395833333
29,1,0.4097,1,1,1,1,1,1,1,1,0.4498,0.4097,0,1,0.3183,1,1,1,1,1,1,0.163,0.3183,0,1,0.648,1,1,1,0.2414,0.648,0,1,1,1,1,1,0.305953681,0,1,1,1,1,1,1,0.256587178,0,1,1,1,1,1,1,0.594611824,0,0.417532624,0.417601015,0.417553191
30,1,0.4096,1,1,1,1,1,1,1,1,0.2783,0.4096,0,1,0.3183,1,1,1,1,1,1,0.2013,0.3183,0,1,0.6481,1,1,1,0.2083,0.6481,0,1,1,1,1,1,0.192249268,0,1,1,1,1,1,1,0.295360506,0,1,1,1,1,1,1,0.523316741,0,0.449975834,0.449968267,0.449911348
31,1,0.4095,1,1,1,1,1,1,1,1,0.1689,0.4095,0,1,0.3183,1,1,1,1,1,1,0.0845,0.3183,0,1,0.6482,1,1,1,0.2312,0.6482,0,1,1,1,1,1,0.149604544,0,0.995912135,1,1,1,1,1,0.099968791,0,1,1,1,1,1,1,0.505927622,0,0.47661914,0.476623651,0.476950355
32,1,0.4093,1,1,1,1,1,1,1,1,0.1614,0.4093,0.16,1,0.3183,1,1,1,1,1,1,0.16,0.3183,0.1615,1,0.6483,1,1,1,0.2862,0.6483,0.0553,1,1,1,1,1,0.180308625,0.267868817,0.993907154,1,1,1,1,1,0.25320828,0.32061851,1,1,1,1,1,1,0.699059665,0.272139698,0.50918318,0.509202454,0.509308511
33,1,0.4092,1,1,1,1,1,1,1,1,0.3342,0.4092,0.3418,1,0.3183,1,1,1,1,1,1,0.384,0.3183,0.4263,1,0.6484,1,1,1,0.3787,0.6484,0.2643,1,1,1,1,1,0.256795734,0.513893187,1,1,1,1,1,1,0.36892122,0.678075731,1,1,1,1,1,1,0.826630592,0.615309954,0.542653456,0.54283901,0.542553191
34,1,0.4091,1,1,1,1,1,1,1,1,0.4243,0.4091,0.4952,1,0.3183,1,1,1,1,1,1,0.8484,0.3183,0.57,1,0.6485,1,1,1,0.447,0.6485,0.3818,1,1,1,1,1,0.383252978,0.735028386,1,1,1,1,1,1,0.792916954,0.822538674,1,1,1,1,1,1,0.659122109,0.788045704,0.567182214,0.567167337,0.567375887
35,1,0.4089,1,1,1,1,1,1,1,1,0.5246,0.4089,0.5654,1,0.3183,1,1,1,1,1,1,0.5963,0.3183,0.6482,1,0.6486,1,1,1,0.3888,0.6486,0.4467,1,1,1,1,1,0.555624604,0.808727384,1,1,1,1,1,1,0.622025073,0.88778913,1,1,1,1,1,1,0.634221315,0.864383221,0.577211213,0.577110218,0.577570922
36,1,0.4088,1,1,1,1,1,1,1,1,0.5181,0.4088,0.5713,1,0.3183,1,1,1,1,1,1,0.7561,0.3183,0.6314,1,0.6487,1,1,1,0.416,0.6487,0.4562,1,1,1,1,1,0.684506655,0.772403061,1,1,1,1,1,1,0.744931161,0.83617878,1,1,1,1,1,1,0.725925446,0.822544813,0.576304978,0.576264015,0.576241135
37,1,0.4087,1,1,1,1,1,1,1,1,0.5327,0.4087,0.5414,1,0.3183,1,1,1,1,1,1,0.6341,0.3183,0.5409,1,0.6488,1,1,1,0.3332,0.6488,0.4705,1,1,1,1,1,0.744437516,0.757805645,1,1,1,1,1,1,0.652433395,0.713875294,1,1,1,1,1,1,0.581048727,0.782269299,0.572559207,0.572667654,0.572695035
38,1,0.4085,1,1,1,1,1,1,1,1,0.5546,0.4085,0.4677,1,0.3183,1,1,1,1,1,1,0.6438,0.3183,0.4277,1,0.6489,1,1,1,0.3748,0.6489,0.3819,1,1,1,1,1,0.774056852,0.653667092,1,1,1,1,1,1,0.639724731,0.613905907,0.990713418,1,1,1,1,1,0.599362791,0.710992575,0.570746738,0.570763698,0.570921986
39,1,0.4084,1,1,1,1,1,1,1,1,0.4497,0.4084,0.3193,1,0.3182,1,1,1,1,1,1,0.4929,0.3182,0.3402,1,0.649,1,1,1,0.4559,0.649,0.2288,1,1,1,1,1,0.625833631,0.466638684,0.948113322,1,1,1,1,1,0.437041402,0.494133532,0.788425088,1,1,1,1,1,0.75038898,0.541579366,0.579446593,0.579437275,0.579787234
40,1,0.4082,1,1,1,1,1,1,1,1,0.4803,0.4082,0.1003,1,0.3182,1,1,1,1,1,1,0.3692,0.3182,0.1301,1,0.6491,1,1,1,0.3908,0.6491,0,1,1,1,1,1,0.617654681,0.230477333,0.91214627,1,1,1,1,1,0.348974109,0.251622826,0.807352126,1,1,1,1,1,0.637100637,0.060262267,0.633820686,0.633805796,0.633865248
41,1,0.4081,1,1,1,1,1,1,1,1,0.3576,0.4081,0,1,0.3182,1,1,1,1,1,1,0.2805,0.3182,0,1,0.6492,1,1,1,0.2995,0.6492,0,1,1,1,1,1,0.432098866,0,0.639367938,1,1,1,1,1,0.270527005,0,0.650535107,1,1,1,1,1,0.387857139,0,0.688798937,0.68880897,0.688829787
42,1,0.408,1,1,1,1,1,1,1,1,0.2938,0.408,0,1,0.3182,1,1,1,1,1,1,0.1947,0.3182,0,1,0.6493,1,1,1,0.3621,0.6493,0,1,1,1,1,1,0.304841578,0,0.511902213,1,1,1,1,1,0.203147843,0,0.771845579,1,1,1,1,1,0.415177315,0,0.682757371,0.682674,0.683067376
43,1,0.4078,1,1,1,1,1,1,1,1,0.1823,0.4078,0,1,0.3182,1,1,1,1,1,1,0.0487,0.3182,0,1,0.6494,1,1,1,0.3461,0.6494,0,1,1,1,1,1,0.190144315,0,0.272218019,1,1,1,1,1,0.068841651,0,0.557867289,1,1,1,1,1,0.488176942,0,0.666263896,0.666384599,0.666666667
44,1,0.4077,1,1,1,1,1,1,1,1,0.3251,0.4077,0,1,0.3182,1,1,1,1,1,1,0.1325,0.3182,0,1,0.6495,1,1,1,0.434,0.6495,0,1,1,1,1,1,0.361776382,0,0.275240481,1,1,1,1,1,0.189152598,0,0.986330926,1,1,1,1,1,0.524830461,0,0.639318511,0.639306114,0.639184397
45,1,0.4076,1,1,1,1,1,1,1,1,0.3995,0.4076,0,1,0.3182,1,1,1,1,1,1,0.1941,0.3182,0,1,0.6496,1,1,1,0.3591,0.6496,0,1,1,1,1,1,0.456682593,0,0.350170732,1,1,1,1,1,0.223696217,0,1,1,1,1,1,1,0.477410108,0,0.596967134,0.59678443,0.597074468
46,1,0.4074,1,1,1,1,1,1,1,1,0.3288,0.4074,0,1,0.3182,1,1,1,1,1,1,0.1941,0.3182,0,1,0.6497,1,1,1,0.299,0.6497,0,1,1,1,1,1,0.342495501,0,0.389028907,1,1,1,1,1,0.203342319,0,1,1,1,1,1,1,0.441564977,0,0.544345094,0.544319865,0.544326241
47,1,0.4073,1,1,1,1,1,1,1,1,0.3197,0.4073,0,1,0.3182,1,1,1,1,1,1,0.2426,0.3182,0,1,0.6498,1,1,1,0.3381,0.6498,0,1,1,1,1,1,0.306501925,0,0.503914595,1,1,1,1,1,0.222409695,0,0.968077779,1,1,1,1,1,0.536026478,0,0.496737554,0.496720965,0.496897163
48,1,0.4072,1,1,1,1,1,1,1,1,0.2969,0.4072,0,1,0.3182,1,1,1,1,1,1,0.2357,0.3182,0,1,0.6499,1,1,1,0.3664,0.6499,0,1,1,1,1,1,0.32572329,0,0.24414511,1,1,1,1,1,0.218940973,0,0.749802947,1,1,1,1,1,0.602063954,0,0.465140164,0.465199915,0.465425532
49,1,0.407,1,1,1,1,1,1,1,1,0.224,0.407,0,1,0.3182,1,1,1,1,1,1,0.2982,0.3182,0,1,0.65,1,1,1,0.2414,0.65,0,1,1,1,1,1,0.208208695,0,0.1234212,1,1,1,1,1,0.242061779,0,0.676838756,1,1,1,1,1,0.434863895,0,0.449371677,0.449333615,0.449468085
50,1,0.4069,1,1,1,1,1,1,1,1,0.1816,0.4069,0,1,0.3182,1,1,1,1,1,1,0.2342,0.3182,0,1,0.6501,1,1,1,0.1824,0.6501,0,1,1,1,1,1,0.152336597,0,0.172045961,1,1,1,1,1,0.205231965,0,0.734210789,1,1,1,1,1,0.254829139,0,0.44181972,0.441929342,0.441932624
51,1,0.4068,1,1,1,1,1,1,1,1,0.1696,0.4068,0,1,0.3182,1,1,1,1,1,1,0.2856,0.3182,0,1,0.6502,1,1,1,0.1756,0.6502,0,1,1,1,1,1,0.187121183,0,0.189573288,1,1,1,1,1,0.261295259,0,0.828126192,1,1,1,1,1,0.259319037,0,0.442665539,0.442775545,0.442819149
52,1,0.4066,1,1,1,1,1,1,1,1,0.1621,0.4066,0,1,0.3182,1,1,1,1,1,1,0.3671,0.3182,0,1,0.6503,1,1,1,0.2,0.6503,0,1,1,1,1,1,0.199526519,0,0.318691969,1,1,1,1,1,0.343304396,0,0.950107694,1,1,1,1,1,0.38145259,0,0.458615273,0.458641845,0.458776596
53,1,0.4065,1,1,1,1,1,1,1,1,0.169,0.4065,0,1,0.3182,1,1,1,1,1,1,0.3614,0.3182,0,1,0.6504,1,1,1,0.2298,0.6504,0,1,1,1,1,1,0.226160377,0,0.509960473,1,1,1,1,1,0.363762766,0,0.999816775,1,1,1,1,1,0.401218414,0,0.505739488,0.505817643,0.505762411
54,1,0.4064,1,1,1,1,1,1,1,1,0.1211,0.4064,0,1,0.3182,1,1,1,1,1,1,0.3268,0.3182,0,1,0.6505,1,1,1,0.2734,0.6505,0,1,1,1,1,1,0.183621809,0,0.403186202,1,1,1,1,1,0.353066385,0,0.698425889,1,1,1,1,1,0.545749605,0,0.589052682,0.588957055,0.589095745
55,1,0.4062,1,1,1,1,1,1,1,1,0.0938,0.4062,0,1,0.3182,1,1,1,1,1,1,0.2762,0.3182,0,1,0.6506,1,1,1,0.2639,0.6506,0,1,1,1,1,1,0.122188985,0,0.482090294,1,1,1,1,1,0.301282674,0,0.605316997,1,1,1,1,1,0.457954705,0,0.635814403,0.635709752,0.63608156
56,1,0.4061,1,1,1,1,1,1,1,1,0.0928,0.4061,0.2147,1,0.3182,1,1,1,1,1,1,0.3377,0.3182,0.1899,1,0.6507,1,1,1,0.3078,0.6507,0.1703,1,1,1,1,1,0.137520224,0.395305604,0.416719675,1,1,1,1,1,0.374472648,0.350484133,0.540939331,1,1,1,1,1,0.502052248,0.394182235,0.643668439,0.643748678,0.643617021
57,1,0.406,1,1,1,1,1,1,1,1,0.2384,0.406,0.436,1,0.3182,1,1,1,1,1,1,0.6793,0.3182,0.4305,1,0.6508,1,1,1,0.341,0.6508,0.3583,1,1,1,1,1,0.328548133,0.641342103,0.428497672,1,1,1,1,1,0.641915321,0.662915409,0.751653135,1,1,1,1,1,0.536866546,0.69322449,0.648078782,0.647979691,0.648049645
58,1,0.4058,1,1,1,1,1,1,1,1,0.3066,0.4058,0.5787,1,0.3182,1,1,1,1,1,1,0.7365,0.3182,0.5707,1,0.6509,1,1,1,0.5544,0.6509,0.4939,1,1,1,1,1,0.396716595,0.765691698,0.5600034,1,1,1,1,1,0.735446751,0.817304313,0.898560882,1,1,1,1,1,0.710736573,0.85924542,0.653939101,0.65390311,0.654255319
59,1,0.4057,1,1,1,1,1,1,1,1,0.3292,0.4057,0.632,1,0.3182,1,1,1,1,1,1,0.8911,0.3182,0.6554,1,0.651,1,1,1,0.6632,0.651,0.5515,1,1,1,1,1,0.499022812,0.828145742,0.571449041,1,1,1,1,1,0.86163491,0.890637636,1,1,1,1,1,1,0.886420965,0.941310167,0.654966167,0.654960863,0.655141844
60,1,0.4056,1,1,1,1,1,1,1,1,0.3922,0.4056,0.6451,1,0.3182,1,1,1,1,1,1,0.8943,0.3182,0.6621,1,0.6511,1,1,1,0.621,0.6511,0.5697,1,1,1,1,1,0.538534641,0.888879836,0.68392539,1,1,1,1,1,0.883432627,0.905325174,1,1,1,1,1,1,0.876134813,0.954019547,0.652368294,0.652422255,0.65248227
61,1,0.4054,1,1,1,1,1,1,1,1,0.3307,0.4054,0.6207,1,0.3182,1,1,1,1,1,1,0.7112,0.3182,0.6529,1,0.6512,1,1,1,0.6835,0.6512,0.5708,1,1,1,1,1,0.468892992,0.886032701,0.938763678,1,1,1,1,1,0.70698905,0.873718977,1,1,1,1,1,1,0.924243748,0.913916171,0.651401643,0.651576052,0.651595745
62,1,0.4053,1,1,1,1,1,1,1,1,0.3784,0.4053,0.5504,1,0.3182,1,1,1,1,1,1,0.7989,0.3182,0.5731,1,0.6513,1,1,1,0.6098,0.6513,0.4763,1,1,1,1,1,0.487322062,0.810727179,0.831255794,1,1,1,1,1,0.793363512,0.818553567,1,1,1,1,1,1,0.842735767,0.803696096,0.648924601,0.648825894,0.64893617
63,1,0.4052,1,1,1,1,1,1,1,1,0.4111,0.4052,0.3781,1,0.3182,1,1,1,1,1,1,0.7933,0.3182,0.4127,1,0.6514,1,1,1,0.5581,0.6514,0.3256,1,1,1,1,1,0.587873876,0.624401689,0.940001607,1,1,1,1,1,0.792309403,0.652243853,1,1,1,1,1,1,0.880416214,0.595546067,0.65798695,0.657922572,0.658244681
64,1,0.405,1,1,1,1,1,1,1,1,0.4189,0.405,0.1371,1,0.3182,1,1,1,1,1,1,0.4585,0.3182,0.1725,1,0.6515,1,1,1,0.6882,0.6515,0.0502,1,1,1,1,1,0.362284303,0.305081964,1,1,1,1,1,1,0.479706526,0.34574154,1,1,1,1,1,1,0.976625502,0.168175057,0.709279845,0.709329384,0.709219858
65,1,0.4049,1,1,1,1,1,1,1,1,0.4118,0.4049,0,1,0.3182,1,1,1,1,1,1,0.6187,0.3182,0,1,0.6516,1,1,1,0.68,0.6516,0,1,1,1,1,1,0.35654062,0,1,1,1,1,1,1,0.58513701,0,1,1,1,1,1,1,0.9670856,0,0.765405993,0.765390311,0.765957447
66,1,0.4048,1,1,1,1,1,1,1,1,0.5302,0.4048,0,1,0.3182,1,1,1,1,1,1,0.7853,0.3182,0,1,0.6517,1,1,1,0.676,0.6517,0,1,1,1,1,1,0.506931663,0,1,1,1,1,1,1,0.78423816,0,1,1,1,1,1,1,0.947072089,0,0.766916385,0.766871166,0.767287234
67,1,0.4046,1,1,1,1,1,1,1,1,0.4124,0.4046,0,1,0.3182,1,1,1,1,1,1,0.658,0.3182,0,1,0.6518,1,1,1,0.5953,0.6518,0,1,1,1,1,1,0.330748141,0,1,1,1,1,1,1,0.621035099,0,1,1,1,1,1,1,0.885129869,0,0.753987434,0.753966575,0.754432624
68,1,0.4045,1,1,1,1,1,1,1,1,0.4913,0.4045,0,1,0.3182,1,1,1,1,1,1,0.8943,0.3182,0,1,0.6519,1,1,1,0.6744,0.6519,0,1,1,1,1,1,0.444034606,0,1,1,1,1,1,1,0.850476027,0,1,1,1,1,1,1,0.938178599,0,0.729519091,0.729638248,0.730053191
69,1,0.4043,1,1,1,1,1,1,1,1,0.5003,0.4043,0,1,0.3182,1,1,1,1,1,1,0.6396,0.3182,0,1,0.652,1,1,1,0.6384,0.652,0,1,1,1,1,1,0.470490813,0,1,1,1,1,1,1,0.605204284,0,1,1,1,1,1,1,0.947439253,0,0.686442726,0.686481912,0.686613475
70,1,0.4042,1,1,1,1,1,1,1,1,0.578,0.4042,0,1,0.3182,1,1,1,1,1,1,0.6728,0.3182,0,1,0.6521,1,1,1,0.5919,0.6521,0,1,1,1,1,1,0.623107553,0,1,1,1,1,1,1,0.600420117,0,1,1,1,1,1,1,0.923821628,0,0.628987434,0.628940131,0.628989362
71,1,0.4041,1,1,1,1,1,1,1,1,0.4769,0.4041,0,1,0.3182,1,1,1,1,1,1,0.8453,0.3182,0,1,0.6522,1,1,1,0.6094,0.6522,0,1,1,1,1,1,0.481376976,0,1,1,1,1,1,1,0.765127242,0,1,1,1,1,1,1,0.897304535,0,0.578661189,0.578802623,0.578900709
72,1,0.4039,1,1,1,1,1,1,1,1,0.6133,0.4039,0,1,0.3182,1,1,1,1,1,1,0.9751,0.3182,0,1,0.6523,1,1,1,0.7632,0.6523,0,1,1,1,1,1,0.719660997,0,1,1,1,1,1,1,0.92217803,0,1,1,1,1,1,1,0.969212413,0,0.547426293,0.547493125,0.547429078
73,1,0.4038,1,1,1,1,1,1,1,1,0.5683,0.4038,0,1,0.3181,1,1,1,1,1,1,0.7979,0.3181,0,1,0.6524,1,1,1,0.6559,0.6524,0,1,1,1,1,1,0.547050893,0,1,1,1,1,1,1,0.717326641,0,1,1,1,1,1,1,0.957773507,0,0.530993233,0.530992173,0.531028369
74,1,0.4037,1,1,1,1,1,1,1,1,0.555,0.4037,0,1,0.3181,1,1,1,1,1,1,0.5823,0.3181,0,1,0.6525,1,1,1,0.5774,0.6525,0,1,1,1,1,1,0.470467687,0,1,1,1,1,1,1,0.512277961,0,1,1,1,1,1,1,0.933361471,0,0.522595457,0.522741697,0.522606383
75,1,0.4035,1,1,1,1,1,1,1,1,0.5631,0.4035,0,1,0.3181,1,1,1,1,1,1,0.47,0.3181,0,1,0.6525,1,1,1,0.5751,0.6525,0,1,1,1,1,1,0.50397408,0,1,1,1,1,1,1,0.406315148,0,1,1,1,1,1,1,0.886988461,0,0.523562107,0.523587899,0.523492908
76,1,0.4034,1,1,1,1,1,1,1,1,0.5285,0.4034,0,1,0.3181,1,1,1,1,1,1,0.4719,0.3181,0,1,0.6526,1,1,1,0.5982,0.6526,0,1,1,1,1,1,0.513184905,0,1,1,1,1,1,1,0.390780807,0,1,1,1,1,1,1,0.881918311,0,0.537759787,0.537761794,0.538120567
77,1,0.4033,1,1,1,1,1,1,1,1,0.4011,0.4033,0,1,0.3181,1,1,1,1,1,1,0.5206,0.3181,0,1,0.6527,1,1,1,0.6538,0.6527,0,1,1,1,1,1,0.3862921,0,1,1,1,1,1,1,0.383892357,0,1,1,1,1,1,1,0.926977396,0,0.582165297,0.582187434,0.582446809
78,1,0.4031,1,1,1,1,1,1,1,1,0.4094,0.4031,0,1,0.3181,1,1,1,1,1,1,0.3122,0.3181,0,1,0.6528,1,1,1,0.5569,0.6528,0,1,1,1,1,1,0.374304056,0,1,1,1,1,1,1,0.260629743,0,1,1,1,1,1,1,0.898742259,0,0.663061866,0.662999788,0.663120567
79,1,0.403,1,1,1,1,1,1,1,1,0.2796,0.403,0,1,0.3181,1,1,1,1,1,1,0.2049,0.3181,0,1,0.6529,1,1,1,0.5291,0.6529,0,1,1,1,1,1,0.303671598,0,0.79506427,1,1,1,1,1,0.187239915,0,0.980068088,1,1,1,1,1,0.899598479,0,0.707044466,0.707002327,0.707003546
80,1,0.4029,1,1,1,1,1,1,1,1,0.2454,0.4029,0.2277,1,0.3181,1,1,1,1,1,1,0.1897,0.3181,0.2204,1,0.653,1,1,1,0.5028,0.653,0.1813,1,1,1,1,1,0.210105136,0.40111059,0.713887632,1,1,1,1,1,0.14861691,0.379578501,0.828166723,1,1,1,1,1,0.820098996,0.426266551,0.707890285,0.70784853,0.708333333
81,1,0.4027,1,1,1,1,1,1,1,1,0.2614,0.4027,0.4502,1,0.3181,1,1,1,1,1,1,0.1877,0.3181,0.4435,1,0.6531,1,1,1,0.4579,0.6531,0.4049,1,1,1,1,1,0.214994207,0.685723305,0.725933433,1,1,1,1,1,0.14870362,0.638918638,0.961138606,1,1,1,1,1,0.768165588,0.704990745,0.7060174,0.705944574,0.706117021
82,1,0.4026,1,1,1,1,1,1,1,1,0.2123,0.4026,0.6046,1,0.3181,1,1,1,1,1,1,0.1767,0.3181,0.5641,1,0.6532,1,1,1,0.4124,0.6532,0.557,1,1,1,1,1,0.216699123,0.850697517,0.404623479,1,1,1,1,1,0.159576088,0.772440135,0.893139005,1,1,1,1,1,0.737351954,0.806788087,0.704446593,0.704463719,0.704787234
83,1,0.4025,1,1,1,1,1,1,1,1,0.0897,0.4025,0.6791,1,0.3181,1,1,1,1,1,1,0.0114,0.3181,0.6709,1,0.6533,1,1,1,0.075,0.6533,0.6302,1,1,1,1,1,0.027246328,0.87061125,0.557595432,1,1,1,1,1,0.012375797,0.910031199,0.979220986,1,1,1,1,1,0.189122841,0.857473493,0.697498792,0.697482547,0.697695035
84,1,0.4023,1,1,1,1,1,1,1,1,0.0698,0.4023,0.6728,1,0.3181,1,1,1,1,1,1,0,0.3181,0.6513,1,0.6534,1,1,1,0.1,0.6534,0.5543,1,1,1,1,1,0.013832925,0.857418537,0.573979974,1,1,1,1,1,0.000447456,0.852032661,0.801642418,1,1,1,1,1,0.216265351,0.864036083,0.687530208,0.687751216,0.687943262
85,1,0.4022,1,1,1,1,1,1,1,1,0.0485,0.4022,0.6482,1,0.3181,1,1,1,1,1,1,0,0.3181,0.6024,1,0.6535,1,1,1,0.0673,0.6535,0.5588,1,1,1,1,1,0.007879721,0.86078459,0.51413095,1,1,1,1,1,0.000196807,0.705932498,0.58360815,1,1,1,1,1,0.140386179,0.83635056,0.681609473,0.681616247,0.681737589
86,1,0.4021,1,1,1,1,1,1,1,1,0.0481,0.4021,0.528,1,0.3181,1,1,1,1,1,1,0,0.3181,0.4635,1,0.6536,1,1,1,0.0519,0.6536,0.4418,1,1,1,1,1,0.003915385,0.709806919,0.436993241,1,1,1,1,1,0.000131813,0.595638692,0.519329846,1,1,1,1,1,0.066910073,0.679095566,0.676292895,0.67632748,0.67641844
87,1,0.4019,1,1,1,1,1,1,1,1,0.055,0.4019,0.3343,1,0.3181,1,1,1,1,1,1,0,0.3181,0.305,1,0.6537,1,1,1,0.0271,0.6537,0.2619,1,1,1,1,1,0.005388106,0.494193435,0.25202024,1,1,1,1,1,0.000806518,0.480196565,0.343497157,1,1,1,1,1,0.05286302,0.442367494,0.683301112,0.683308652,0.683510638
88,1,0.4018,1,1,1,1,1,1,1,1,0.0429,0.4018,0.028,1,0.3181,1,1,1,1,1,1,0,0.3181,0.0783,1,0.6538,1,1,1,0.0066,0.6538,0.0253,1,1,1,1,1,0.00263382,0.106032312,0.186905026,1,1,1,1,1,0.00030586,0.157339483,0.335973322,1,1,1,1,1,0.046531331,0.005017253,0.731029483,0.731119103,0.731382979
89,1,0.4017,1,1,1,1,1,1,1,1,0.028,0.4017,0,1,0.3181,1,1,1,1,1,1,0.0393,0.3181,0,1,0.6539,1,1,1,0.0653,0.6539,0,1,1,1,1,1,0.018397879,0,0.124454945,1,1,1,1,1,0.03994374,0,0.184973314,1,1,1,1,1,0.137151971,0,0.769876752,0.769832875,0.770390071
90,1,0.4015,1,1,1,1,1,1,1,1,0.0625,0.4015,0,1,0.3181,1,1,1,1,1,1,0.0793,0.3181,0,1,0.654,1,1,1,0.0551,0.654,0,1,1,1,1,1,0.070976824,0,0.006961153,1,1,1,1,1,0.098625697,0,0.214811265,1,1,1,1,1,0.12389563,0,0.763956017,0.763909456,0.764184397
91,1,0.4014,1,1,1,1,1,1,1,1,0.0847,0.4014,0,1,0.3181,1,1,1,1,1,1,0.0489,0.3181,0,1,0.6541,1,1,1,0.0838,0.6541,0,1,1,1,1,1,0.083924681,0,0.003198395,1,1,1,1,1,0.072225496,0,0.285006285,1,1,1,1,1,0.137572616,0,0.746193813,0.7461392,0.746453901
92,1,0.4013,1,1,1,1,1,1,1,1,0.1229,0.4013,0,1,0.3181,1,1,1,1,1,1,0.0462,0.3181,0,1,0.6542,1,1,1,0.0707,0.6542,0,1,1,1,1,1,0.128393263,0,0.108685762,1,1,1,1,1,0.078545853,0,0.233654216,1,1,1,1,1,0.131399348,0,0.717617206,0.717791411,0.717641844
93,1,0.4011,1,1,1,1,1,1,1,1,0.1363,0.4011,0,1,0.3181,1,1,1,1,1,1,0.1135,0.3181,0,1,0.6543,1,1,1,0.106,0.6543,0,1,1,1,1,1,0.120600045,0,0.445443064,1,1,1,1,1,0.149306133,0,0.09463796,1,1,1,1,1,0.210099816,0,0.67037216,0.670404062,0.670656028
94,1,0.401,1,1,1,1,1,1,1,1,0.1754,0.401,0,1,0.3181,1,1,1,1,1,1,0.1682,0.3181,0,1,0.6544,1,1,1,0.151,0.6544,0,1,1,1,1,1,0.140354604,0,0.875929296,1,1,1,1,1,0.242303163,0,0.522529364,1,1,1,1,1,0.271630615,0,0.610198163,0.610323673,0.61037234
95,1,0.4008,1,1,1,1,1,1,1,1,0.207,0.4008,0,1,0.3181,1,1,1,1,1,1,0.1532,0.3181,0,1,0.6545,1,1,1,0.1894,0.6545,0,1,1,1,1,1,0.128189832,0,0.920759916,1,1,1,1,1,0.191114381,0,0.456919134,1,1,1,1,1,0.348147362,0,0.554494925,0.554685847,0.554964539
96,1,0.4007,1,1,1,1,1,1,1,1,0.1748,0.4007,0,1,0.3181,1,1,1,1,1,1,0.0821,0.3181,0,1,0.6546,1,1,1,0.1416,0.6546,0,1,1,1,1,1,0.099169187,0,0.939646482,1,1,1,1,1,0.124390215,0,0.220467538,1,1,1,1,1,0.246382296,0,0.518970517,0.518933785,0.519060284
97,1,0.4006,1,1,1,1,1,1,1,1,0.301,0.4006,0,1,0.3181,1,1,1,1,1,1,0.0942,0.3181,0,1,0.6547,1,1,1,0.1497,0.6547,0,1,1,1,1,1,0.177062199,0,0.844688892,1,1,1,1,1,0.159192622,0,0.516141891,1,1,1,1,1,0.227046132,0,0.499939584,0.499894225,0.5
98,1,0.4004,1,1,1,1,1,1,1,1,0.2396,0.4004,0,1,0.3181,1,1,1,1,1,1,0.1132,0.3181,0,1,0.6548,1,1,1,0.1275,0.6548,0,1,1,1,1,1,0.122812316,0,0.920122206,1,1,1,1,1,0.174249291,0,0.82681632,1,1,1,1,1,0.256108433,0,0.49039391,0.490374445,0.490248227
99,1,0.4003,1,1,1,1,1,1,1,1,0.2318,0.4003,0,1,0.3181,1,1,1,1,1,1,0.1273,0.3181,0,1,0.6549,1,1,1,0.1305,0.6549,0,1,1,1,1,1,0.138673455,0,0.673818231,1,1,1,1,1,0.197087079,0,0.751163125,1,1,1,1,1,0.324528009,0,0.48858144,0.488682039,0.48891844
100,1,0.4002,1,1,1,1,1,1,1,1,0.2242,0.4002,0,1,0.3181,1,1,1,1,1,1,0.116,0.3181,0,1,0.655,1,1,1,0.1117,0.655,0,1,1,1,1,1,0.142375141,0,0.419740528,1,1,1,1,1,0.193994716,0,0.500402093,1,1,1,1,1,0.300269991,0,0.501147898,0.501163529,0.501329787
101,1,0.4,1,1,1,1,1,1,1,1,0.155,0.4,0,1,0.3181,1,1,1,1,1,1,0.038,0.3181,0,1,0.6551,1,1,1,0.0978,0.6551,0,1,1,1,1,1,0.109176964,0,0.182347387,1,1,1,1,1,0.069650866,0,0.240936399,1,1,1,1,1,0.358129978,0,0.542230546,0.542204358,0.542109929
102,1,0.3999,1,1,1,1,1,1,1,1,0.0898,0.3999,0,1,0.3181,1,1,1,1,1,1,0.0013,0.3181,0,1,0.6552,1,1,1,0.0956,0.6552,0,1,1,1,1,1,0.064965032,0,0.077774674,1,1,1,1,1,0.016336124,0,0.163478807,1,1,1,1,1,0.373863578,0,0.620347994,0.620478105,0.620567376
103,1,0.3998,1,1,1,1,1,1,1,1,0.0721,0.3998,0,1,0.3181,1,1,1,1,1,1,0.0015,0.3181,0,1,0.6553,1,1,1,0.0668,0.6553,0,1,1,1,1,1,0.074147031,0,0.036225185,1,1,1,1,1,0.011013146,0,0.036664136,1,1,1,1,1,0.213828713,0,0.666143064,0.666173048,0.666223404
104,1,0.3996,1,1,1,1,1,1,1,1,0.0955,0.3996,0.1033,1,0.3181,1,1,1,1,1,1,0.0025,0.3181,0.1154,1,0.6554,1,1,1,0.072,0.6554,0.0482,1,1,1,1,1,0.084841259,0.170587122,0.004370186,1,1,1,1,1,0.007550301,0.227526784,0.118446343,1,1,1,1,1,0.222036108,0.111522958,0.670976317,0.671038714,0.671099291
105,1,0.3995,1,1,1,1,1,1,1,1,0.0982,0.3995,0.2804,1,0.3181,1,1,1,1,1,1,0.0427,0.3181,0.2997,1,0.6555,1,1,1,0.0616,0.6555,0.2431,1,1,1,1,1,0.075930282,0.427075237,0.038382038,1,1,1,1,1,0.054869097,0.494544566,0.322951078,1,1,1,1,1,0.203863323,0.320321381,0.6739971,0.674000423,0.674202128
106,1,0.3994,1,1,1,1,1,1,1,1,0.1052,0.3994,0.4372,1,0.318,1,1,1,1,1,1,0.0262,0.318,0.4896,1,0.6556,1,1,1,0.0511,0.6556,0.3597,1,1,1,1,1,0.070377506,0.6255126,0.100025997,1,1,1,1,1,0.034308519,0.707907856,0.274292946,1,1,1,1,1,0.160617232,0.46530956,0.670915901,0.670827163,0.671099291
107,1,0.3992,1,1,1,1,1,1,1,1,0.0752,0.3992,0.5913,1,0.318,1,1,1,1,1,1,0.0213,0.318,0.5795,1,0.6557,1,1,1,0.0432,0.6557,0.4739,1,1,1,1,1,0.061042849,0.778813064,0.109422177,1,1,1,1,1,0.023143828,0.838773012,0.163496614,1,1,1,1,1,0.130611658,0.517060995,0.661551474,0.661730484,0.66179078
108,1,0.3991,1,1,1,1,1,1,1,1,0.1,0.3991,0.5349,1,0.318,1,1,1,1,1,1,0.0434,0.318,0.5517,1,0.6558,1,1,1,0.0854,0.6558,0.3585,1,1,1,1,1,0.064188167,0.678289473,0.129945844,1,1,1,1,1,0.035331529,0.763692617,0.174199238,1,1,1,1,1,0.196464628,0.641685784,0.653334944,0.653268458,0.653812057
109,1,0.399,1,1,1,1,1,1,1,1,0.151,0.399,0.4854,1,0.318,1,1,1,1,1,1,0.1355,0.318,0.4408,1,0.6559,1,1,1,0.1041,0.6559,0.4206,1,1,1,1,1,0.107618414,0.622370958,0.199214041,1,1,1,1,1,0.105356306,0.641899705,0.366807103,1,1,1,1,1,0.180373907,0.704404235,0.650132914,0.650095198,0.650265957
110,1,0.3988,1,1,1,1,1,1,1,1,0.1471,0.3988,0.3973,1,0.318,1,1,1,1,1,1,0.1242,0.318,0.4072,1,0.656,1,1,1,0.0911,0.656,0.4373,1,1,1,1,1,0.125134125,0.568854988,0.260116994,1,1,1,1,1,0.131830156,0.569831371,0.627275407,1,1,1,1,1,0.157320336,0.63567555,0.644997583,0.645017982,0.645390071
111,1,0.3987,1,1,1,1,1,1,1,1,0.2669,0.3987,0.2948,1,0.318,1,1,1,1,1,1,0.3859,0.318,0.3063,1,0.6561,1,1,1,0.1645,0.6561,0.2491,1,1,1,1,1,0.289148122,0.43725276,0.480007172,1,1,1,1,1,0.341677129,0.431045443,0.818747461,1,1,1,1,1,0.27536422,0.512663722,0.649166264,0.649248995,0.649379433
112,1,0.3986,1,1,1,1,1,1,1,1,0.2296,0.3986,0.0897,1,0.318,1,1,1,1,1,1,0.5122,0.318,0.1054,1,0.6562,1,1,1,0.1979,0.6562,0.0255,1,1,1,1,1,0.261808902,0.18709299,0.623305559,1,1,1,1,1,0.419357747,0.212632164,0.80335474,1,1,1,1,1,0.299150616,0.085365221,0.690430159,0.690501375,0.690602837
113,1,0.3984,1,1,1,1,1,1,1,1,0.2405,0.3984,0,1,0.318,1,1,1,1,1,1,0.4354,0.318,0,1,0.6563,1,1,1,0.2064,0.6563,0,1,1,1,1,1,0.276638418,0,0.589919508,1,1,1,1,1,0.443739682,0,0.767231226,1,1,1,1,1,0.281344533,0,0.735621073,0.735561667,0.735815603
114,1,0.3983,1,1,1,1,1,1,1,1,0.2231,0.3983,0,1,0.318,1,1,1,1,1,1,0.3491,0.318,0,1,0.6564,1,1,1,0.2486,0.6564,0,1,1,1,1,1,0.229469642,0,0.333613008,1,1,1,1,1,0.339800358,0,0.488186687,1,1,1,1,1,0.435778499,0,0.732902368,0.732811508,0.733156028
115,1,0.3982,1,1,1,1,1,1,1,1,0.1826,0.3982,0,1,0.318,1,1,1,1,1,1,0.1172,0.318,0,1,0.6565,1,1,1,0.1978,0.6565,0,1,1,1,1,1,0.155514032,0,0.207612798,1,1,1,1,1,0.144994408,0,0.95292598,1,1,1,1,1,0.432481408,0,0.716288062,0.716310556,0.716312057
116,1,0.398,1,1,1,1,1,1,1,1,0.1899,0.398,0,1,0.318,1,1,1,1,1,1,0.0698,0.318,0,1,0.6566,1,1,1,0.2679,0.6566,0,1,1,1,1,1,0.151678458,0,0.245712638,1,1,1,1,1,0.11266268,0,0.942502141,1,1,1,1,1,0.570106685,0,0.689523925,0.689655172,0.689716312
117,1,0.3979,1,1,1,1,1,1,1,1,0.0929,0.3979,0,1,0.318,1,1,1,1,1,1,0,0.318,0,1,0.6567,1,1,1,0.0855,0.6567,0,1,1,1,1,1,0.029920489,0,0.377252847,1,1,1,1,1,0.001731739,0,0.961126506,1,1,1,1,1,0.181978405,0,0.645299662,0.645229532,0.645833333
118,1,0.3978,1,1,1,1,1,1,1,1,0.1682,0.3978,0,1,0.318,1,1,1,1,1,1,0,0.318,0,1,0.6568,1,1,1,0.1891,0.6568,0,1,1,1,1,1,0.11637032,0,0.699890256,1,1,1,1,1,0.017933788,0,0.31618771,1,1,1,1,1,0.313817173,0,0.585911068,0.585783795,0.585992908
119,1,0.3976,1,1,1,1,1,1,1,1,0.1428,0.3976,0,1,0.318,1,1,1,1,1,1,0,0.318,0,1,0.6569,1,1,1,0.14,0.6569,0,1,1,1,1,1,0.052022554,0,0.96739471,1,1,1,1,1,0.009927007,0,0.097181946,1,1,1,1,1,0.209452331,0,0.534618173,0.534800085,0.534574468
120,1,0.3975,1,1,1,1,1,1,1,1,0.174,0.3975,0,1,0.318,1,1,1,1,1,1,0,0.318,0,1,0.657,1,1,1,0.1205,0.657,0,1,1,1,1,1,0.100811645,0,0.996472955,1,1,1,1,1,0.020035353,0,0.159050792,1,1,1,1,1,0.137416765,0,0.501027066,0.500951978,0.500886525
121,1,0.3974,1,1,1,1,1,1,1,1,0.1184,0.3974,0,1,0.318,1,1,1,1,1,1,0,0.318,0,1,0.6571,1,1,1,0.0821,0.6571,0,1,1,1,1,1,0.089771733,0,0.890340626,1,1,1,1,1,0.023398837,0,0.093050271,1,1,1,1,1,0.106846578,0,0.482781537,0.482758621,0.483156028
122,1,0.3972,1,1,1,1,1,1,1,1,0.0543,0.3972,0,1,0.318,1,1,1,1,1,1,0.0397,0.318,0,1,0.6572,1,1,1,0.042,0.6572,0,1,1,1,1,1,0.047412973,0,0.603442788,1,1,1,1,1,0.067663163,0,0.079989269,1,1,1,1,1,0.063711219,0,0.473477525,0.473450391,0.473404255
123,1,0.3971,1,1,1,1,1,1,1,1,0.0179,0.3971,0,1,0.318,1,1,1,1,1,1,0.1098,0.318,0,1,0.6573,1,1,1,0.0179,0.6573,0,1,1,1,1,1,0.021708414,0,0.28053081,1,1,1,1,1,0.172149748,0,0.109709695,1,1,1,1,1,0.039446644,0,0.471121315,0.471123334,0.471187943
124,1,0.3969,1,1,1,1,1,1,1,1,0.0286,0.3969,0,1,0.318,1,1,1,1,1,1,0.1402,0.318,0,1,0.6574,1,1,1,0.0121,0.6574,0,1,1,1,1,1,0.041665893,0,0.075039111,1,1,1,1,1,0.187274218,0,0.213280618,1,1,1,1,1,0.021535872,0,0.48260029,0.482758621,0.482712766
125,1,0.3968,1,1,1,1,1,1,1,1,0.0435,0.3968,0,1,0.318,1,1,1,1,1,1,0.1177,0.318,0,1,0.6575,1,1,1,0.0105,0.6575,0,1,1,1,1,1,0.0607864,0,0.018569788,1,1,1,1,1,0.169424832,0,0.283104211,1,1,1,1,1,0.013929317,0,0.52338086,0.523376349,0.523492908
126,1,0.3967,1,1,1,1,1,1,1,1,0.0405,0.3967,0,1,0.318,1,1,1,1,1,1,0.1377,0.318,0,1,0.6576,1,1,1,0.0142,0.6576,0,1,1,1,1,1,0.075446598,0,0.012270059,1,1,1,1,1,0.20931673,0,0.194493979,1,1,1,1,1,0.024829233,0,0.600108748,0.59995769,0.600177305
127,1,0.3965,1,1,1,1,1,1,1,1,0.0444,0.3965,0,1,0.318,1,1,1,1,1,1,0.2695,0.318,0,1,0.6577,1,1,1,0.036,0.6577,0,1,1,1,1,1,0.072514653,0,0.062731408,1,1,1,1,1,0.378788114,0,0.424616009,1,1,1,1,1,0.076633878,0,0.64602465,0.646075735,0.646276596
128,1,0.3964,1,1,1,1,1,1,1,1,0.1087,0.3964,0.1023,1,0.318,1,1,1,1,1,1,0.1842,0.318,0.139,1,0.6578,1,1,1,0.0357,0.6578,0.0809,1,1,1,1,1,0.141860232,0.185360298,0.292724222,1,1,1,1,1,0.256563604,0.304059505,0.699964166,1,1,1,1,1,0.092142537,0.123772576,0.651401643,0.651364502,0.651595745
129,1,0.3963,1,1,1,1,1,1,1,1,0.168,0.3963,0.2939,1,0.318,1,1,1,1,1,1,0.2117,0.318,0.4082,1,0.6579,1,1,1,0.04,0.6579,0.2336,1,1,1,1,1,0.176396817,0.4773314,0.401476204,1,1,1,1,1,0.331442624,0.644938588,0.91281575,1,1,1,1,1,0.108975753,0.349737227,0.652066216,0.651999154,0.652039007
130,1,0.3961,1,1,1,1,1,1,1,1,0.1208,0.3961,0.5036,1,0.318,1,1,1,1,1,1,0.4262,0.318,0.5689,1,0.658,1,1,1,0.0531,0.658,0.358,1,1,1,1,1,0.077700116,0.728351235,0.437379599,1,1,1,1,1,0.33502984,0.819003105,1,1,1,1,1,1,0.138936266,0.466088116,0.649166264,0.649248995,0.649379433
131,1,0.396,1,1,1,1,1,1,1,1,0.0839,0.396,0.62,1,0.318,1,1,1,1,1,1,0.2701,0.318,0.6386,1,0.6581,1,1,1,0.0589,0.6581,0.3937,1,1,1,1,1,0.07965333,0.826952994,0.509132266,1,1,1,1,1,0.220307335,0.896056294,1,1,1,1,1,1,0.160782441,0.543091416,0.639560174,0.639517664,0.63962766
132,1,0.3959,1,1,1,1,1,1,1,1,0.1382,0.3959,0.5947,1,0.318,1,1,1,1,1,1,0.1854,0.318,0.5749,1,0.6582,1,1,1,0.062,0.6582,0.4307,1,1,1,1,1,0.074873224,0.792589486,0.653930247,1,1,1,1,1,0.182048112,0.873944104,1,1,1,1,1,1,0.180024505,0.523182154,0.628987434,0.628940131,0.628989362
133,1,0.3957,1,1,1,1,1,1,1,1,0.2099,0.3957,0.4261,1,0.318,1,1,1,1,1,1,0.1818,0.318,0.557,1,0.6583,1,1,1,0.0611,0.6583,0.4089,1,1,1,1,1,0.113207147,0.696804523,0.814667046,1,1,1,1,1,0.180924833,0.705279112,1,1,1,1,1,1,0.200875998,0.515216649,0.623489609,0.623439814,0.623670213
134,1,0.3956,1,1,1,1,1,1,1,1,0.1521,0.3956,0.3649,1,0.318,1,1,1,1,1,1,0.05,0.318,0.3724,1,0.6584,1,1,1,0.0305,0.6584,0.374,1,1,1,1,1,0.056827873,0.601124287,0.995130956,1,1,1,1,1,0.071058825,0.57268995,0.991760254,1,1,1,1,1,0.126304641,0.456569463,0.614789754,0.614766237,0.614804965
135,1,0.3955,1,1,1,1,1,1,1,1,0.0683,0.3955,0.1992,1,0.318,1,1,1,1,1,1,0.0642,0.318,0.1936,1,0.6585,1,1,1,0.0618,0.6585,0.2142,1,1,1,1,1,0.037358858,0.413076133,1,1,1,1,1,1,0.116053015,0.31940183,0.97741127,1,1,1,1,1,0.209481969,0.326284349,0.617750121,0.617727946,0.617907801
136,1,0.3953,1,1,1,1,1,1,1,1,0.0759,0.3953,0.0151,1,0.318,1,1,1,1,1,1,0.2367,0.318,0.0704,1,0.6586,1,1,1,0.0912,0.6586,0,1,1,1,1,1,0.085969821,0.112508036,0.984038055,1,1,1,1,1,0.288551122,0.179582879,0.845369399,1,1,1,1,1,0.26427111,0.001671461,0.65381827,0.653691559,0.654255319
137,1,0.3952,1,1,1,1,1,1,1,1,0.1221,0.3952,0,1,0.318,1,1,1,1,1,1,0.3325,0.318,0,1,0.6587,1,1,1,0.1164,0.6587,0,1,1,1,1,1,0.128555551,0,0.798958719,1,1,1,1,1,0.478020161,0,0.993219972,1,1,1,1,1,0.211875349,0,0.688315611,0.688385868,0.688386525
138,1,0.3951,1,1,1,1,1,1,1,1,0.1165,0.3951,0,1,0.318,1,1,1,1,1,1,0.3772,0.318,0,1,0.6588,1,1,1,0.1202,0.6588,0,1,1,1,1,1,0.110376433,0,0.917728066,1,1,1,1,1,0.533747077,0,1,1,1,1,1,1,0.231116161,0,0.677259546,0.677385234,0.677304965
139,1,0.3949,1,1,1,1,1,1,1,1,0.0695,0.3949,0,1,0.3179,1,1,1,1,1,1,0.4737,0.3179,0,1,0.6589,1,1,1,0.1092,0.6589,0,1,1,1,1,1,0.053824816,0,0.979925394,1,1,1,1,1,0.579329133,0,1,1,1,1,1,1,0.252502561,0,0.657805703,0.657711022,0.658244681
140,1,0.3948,1,1,1,1,1,1,1,1,0.1746,0.3948,0,1,0.3179,1,1,1,1,1,1,0.7695,0.3179,0,1,0.659,1,1,1,0.0658,0.659,0,1,1,1,1,1,0.128802568,0,1,1,1,1,1,1,0.77134943,0,1,1,1,1,1,1,0.225661665,0,0.631706138,0.63169029,0.632092199
141,1,0.3947,1,1,1,1,1,1,1,1,0.1894,0.3947,0,1,0.3179,1,1,1,1,1,1,0.6069,0.3179,0,1,0.6591,1,1,1,0.0407,0.6591,0,1,1,1,1,1,0.144425601,0,1,1,1,1,1,1,0.621898949,0,0.927658379,1,1,1,1,1,0.228556156,0,0.597812953,0.597842183,0.597960993
142,1,0.3945,1,1,1,1,1,1,1,1,0.2462,0.3945,0,1,0.3179,1,1,1,1,1,1,0.541,0.3179,0,1,0.6592,1,1,1,0.0616,0.6592,0,1,1,1,1,1,0.15601936,0,1,1,1,1,1,1,0.563661098,0,0.908954263,1,1,1,1,1,0.310867965,0,0.55177622,0.551724138,0.551861702
143,1,0.3944,1,1,1,1,1,1,1,1,0.2121,0.3944,0,1,0.3179,1,1,1,1,1,1,0.2816,0.3179,0,1,0.6593,1,1,1,0.0657,0.6593,0,1,1,1,1,1,0.144045681,0,0.912509561,1,1,1,1,1,0.403389901,0,0.839505196,1,1,1,1,1,0.310114652,0,0.504349928,0.504336789,0.504432624
144,1,0.3943,1,1,1,1,1,1,1,1,0.2074,0.3943,0,1,0.3179,1,1,1,1,1,1,0.3788,0.3179,0,1,0.6594,1,1,1,0.0535,0.6594,0,1,1,1,1,1,0.125581056,0,0.769363821,1,1,1,1,1,0.439836204,0,1,1,1,1,1,1,0.266269714,0,0.467738038,0.467738523,0.468085106
145,1,0.3941,1,1,1,1,1,1,1,1,0.2209,0.3941,0,1,0.3179,1,1,1,1,1,1,0.4611,0.3179,0,1,0.6595,1,1,1,0.0674,0.6595,0,1,1,1,1,1,0.155800313,0,0.997899354,1,1,1,1,1,0.466972113,0,1,1,1,1,1,1,0.251812458,0,0.447438376,0.447429659,0.447251773
146,1,0.394,1,1,1,1,1,1,1,1,0.2043,0.394,0,1,0.3179,1,1,1,1,1,1,0.3004,0.3179,0,1,0.6596,1,1,1,0.0929,0.6596,0,1,1,1,1,1,0.165351838,0,1,1,1,1,1,1,0.320554376,0,1,1,1,1,1,1,0.300524473,0,0.436442726,0.436429025,0.436613475
147,1,0.3939,1,1,1,1,1,1,1,1,0.1431,0.3939,0,1,0.3179,1,1,1,1,1,1,0.2485,0.3179,0,1,0.6597,1,1,1,0.1079,0.6597,0,1,1,1,1,1,0.149981067,0,0.879248679,1,1,1,1,1,0.234269142,0,1,1,1,1,1,1,0.364857018,0,0.431911551,0.431986461,0.432180851
148,1,0.3937,1,1,1,1,1,1,1,1,0.1095,0.3937,0,1,0.3179,1,1,1,1,1,1,0.1179,0.3179,0,1,0.6598,1,1,1,0.0969,0.6598,0,1,1,1,1,1,0.101606213,0,0.652260303,1,1,1,1,1,0.103491649,0,0.981260061,1,1,1,1,1,0.360342234,0,0.436261479,0.436217474,0.436613475
149,1,0.3936,1,1,1,1,1,1,1,1,0.0574,0.3936,0,1,0.3179,1,1,1,1,1,1,0.0589,0.3179,0,1,0.6599,1,1,1,0.0809,0.6599,0,1,1,1,1,1,0.03089999,0,0.522282004,1,1,1,1,1,0.044309031,0,0.736548245,1,1,1,1,1,0.291499645,0,0.452875785,0.452718426,0.453014184
150,1,0.3934,1,1,1,1,1,1,1,1,0.0491,0.3934,0,1,0.3179,1,1,1,1,1,1,0.0983,0.3179,0,1,0.6599,1,1,1,0.0765,0.6599,0,1,1,1,1,1,0.020953078,0,0.666678071,1,1,1,1,1,0.0758316,0,0.718301356,1,1,1,1,1,0.230846629,0,0.482902368,0.482758621,0.483156028
151,1,0.3933,1,1,1,1,1,1,1,1,0.0424,0.3933,0,1,0.3179,1,1,1,1,1,1,0.0845,0.3179,0,1,0.66,1,1,1,0.0562,0.66,0,1,1,1,1,1,0.020881666,0,0.671678662,1,1,1,1,1,0.058989674,0,0.52993536,1,1,1,1,1,0.188626125,0,0.514560174,0.514491221,0.51462766
152,1,0.3932,1,1,1,1,1,1,1,1,0.0678,0.3932,0.1883,1,0.3179,1,1,1,1,1,1,0.1375,0.3179,0.1888,1,0.6601,1,1,1,0.0288,0.6601,0.0283,1,1,1,1,1,0.051156409,0.351036876,0.62553829,1,1,1,1,1,0.104667753,0.35002166,0.425320745,1,1,1,1,1,0.118105114,0.125800461,0.546942968,0.546858473,0.546985816
153,1,0.393,1,1,1,1,1,1,1,1,0.1221,0.393,0.4067,1,0.3179,1,1,1,1,1,1,0.2531,0.3179,0.418,1,0.6602,1,1,1,0.0129,0.6602,0.2162,1,1,1,1,1,0.089656405,0.619287968,0.587967038,1,1,1,1,1,0.233937562,0.660088658,0.331576973,1,1,1,1,1,0.053463232,0.403309524,0.566517641,0.566532685,0.566489362
154,1,0.3929,1,1,1,1,1,1,1,1,0.1334,0.3929,0.5478,1,0.3179,1,1,1,1,1,1,0.2684,0.3179,0.5584,1,0.6603,1,1,1,0.0092,0.6603,0.3554,1,1,1,1,1,0.117224008,0.785794616,0.717235327,1,1,1,1,1,0.296673715,0.806930482,0.329441369,1,1,1,1,1,0.018045329,0.519458115,0.572015466,0.572033002,0.571808511
155,1,0.3928,1,1,1,1,1,1,1,1,0.0832,0.3928,0.6386,1,0.3179,1,1,1,1,1,1,0.2463,0.3179,0.6543,1,0.6604,1,1,1,0.0116,0.6604,0.3415,1,1,1,1,1,0.075509615,0.905285895,0.824079096,1,1,1,1,1,0.191872358,0.910348594,0.486140609,1,1,1,1,1,0.02884767,0.753734529,0.567423876,0.567378887,0.567375887
156,1,0.3926,1,1,1,1,1,1,1,1,0.1125,0.3926,0.6504,1,0.3179,1,1,1,1,1,1,0.2488,0.3179,0.6701,1,0.6605,1,1,1,0.012,0.6605,0.3857,1,1,1,1,1,0.078392886,0.891079426,1,1,1,1,1,1,0.19907096,0.936917841,0.975297093,1,1,1,1,1,0.038041543,0.83075124,0.557032383,0.557012905,0.556737589
157,1,0.3925,1,1,1,1,1,1,1,1,0.1817,0.3925,0.6311,1,0.3179,1,1,1,1,1,1,0.2425,0.3179,0.647,1,0.6606,1,1,1,0.0147,0.6606,0.402,1,1,1,1,1,0.095105343,0.817447066,1,1,1,1,1,1,0.216151059,0.900446236,1,1,1,1,1,1,0.033375405,0.710378289,0.545251329,0.545166067,0.545212766
158,1,0.3924,1,1,1,1,1,1,1,1,0.263,0.3924,0.5093,1,0.3179,1,1,1,1,1,1,0.2601,0.3179,0.5124,1,0.6607,1,1,1,0.0103,0.6607,0.3421,1,1,1,1,1,0.138140485,0.640372276,1,1,1,1,1,1,0.227062032,0.757096589,1,1,1,1,1,1,0.029614527,0.555731773,0.536913968,0.536915591,0.537234043
159,1,0.3922,1,1,1,1,1,1,1,1,0.2431,0.3922,0.299,1,0.3179,1,1,1,1,1,1,0.1232,0.3179,0.316,1,0.6608,1,1,1,0.0278,0.6608,0.1273,1,1,1,1,1,0.141146839,0.441087514,1,1,1,1,1,1,0.141871184,0.488292456,1,1,1,1,1,1,0.048891362,0.328809351,0.542653456,0.54283901,0.542553191
160,1,0.3921,1,1,1,1,1,1,1,1,0.1515,0.3921,0.0553,1,0.3179,1,1,1,1,1,1,0.1151,0.3179,0.1148,1,0.6609,1,1,1,0.0393,0.6609,0,1,1,1,1,1,0.109279126,0.146455288,0.999486566,1,1,1,1,1,0.210509539,0.251701355,1,1,1,1,1,1,0.075152986,0,0.582346544,0.582398985,0.582446809
161,1,0.392,1,1,1,1,1,1,1,1,0.2487,0.392,0,1,0.3179,1,1,1,1,1,1,0.3379,0.3179,0,1,0.661,1,1,1,0.0331,0.661,0,1,1,1,1,1,0.224165872,0,0.997973144,1,1,1,1,1,0.445290416,0,1,1,1,1,1,1,0.127303258,0,0.622281295,0.62217051,0.622340426
162,1,0.3918,1,1,1,1,1,1,1,1,0.4787,0.3918,0,1,0.3179,1,1,1,1,1,1,0.2533,0.3179,0,1,0.6611,1,1,1,0.0687,0.6611,0,1,1,1,1,1,0.403216988,0,0.998343229,1,1,1,1,1,0.373950571,0,1,1,1,1,1,1,0.212911427,0,0.614910585,0.614977787,0.615248227
163,1,0.3917,1,1,1,1,1,1,1,1,0.3828,0.3917,0,1,0.3179,1,1,1,1,1,1,0.0323,0.3179,0,1,0.6612,1,1,1,0.0773,0.6612,0,1,1,1,1,1,0.406515628,0,0.999373019,1,1,1,1,1,0.091711089,0,0.970958114,1,1,1,1,1,0.252609104,0,0.59521508,0.595303575,0.595301418
164,1,0.3916,1,1,1,1,1,1,1,1,0.353,0.3916,0,1,0.3179,1,1,1,1,1,1,0.1582,0.3179,0,1,0.6613,1,1,1,0.0737,0.6613,0,1,1,1,1,1,0.465022057,0,0.999333918,1,1,1,1,1,0.268757284,0,1,1,1,1,1,1,0.237305686,0,0.576486225,0.576475566,0.576684397
165,1,0.3914,1,1,1,1,1,1,1,1,0.2208,0.3914,0,1,0.3179,1,1,1,1,1,1,0.3859,0.3179,0,1,0.6614,1,1,1,0.1379,0.6614,0,1,1,1,1,1,0.462766081,0,1,1,1,1,1,1,0.472837806,0,0.855820179,1,1,1,1,1,0.40507862,0,0.549540841,0.549608631,0.54964539
166,1,0.3913,1,1,1,1,1,1,1,1,0.2817,0.3913,0,1,0.3179,1,1,1,1,1,1,0.4086,0.3179,0,1,0.6615,1,1,1,0.3173,0.6615,0,1,1,1,1,1,0.623637617,0,0.791018248,1,1,1,1,1,0.496928155,0,0.224977508,1,1,1,1,1,0.549032152,0,0.514258096,0.51427967,0.51462766
167,1,0.3912,1,1,1,1,1,1,1,1,0.3581,0.3912,0,1,0.3179,1,1,1,1,1,1,0.2684,0.3179,0,1,0.6616,1,1,1,0.2677,0.6616,0,1,1,1,1,1,0.639050901,0,0.576337457,1,1,1,1,1,0.411808074,0,0.086479068,1,1,1,1,1,0.443719596,0,0.475410826,0.475565898,0.475620567
168,1,0.391,1,1,1,1,1,1,1,1,0.4621,0.391,0,1,0.3179,1,1,1,1,1,1,0.3442,0.3179,0,1,0.6617,1,1,1,0.2914,0.6617,0,1,1,1,1,1,0.686666548,0,0.452253044,1,1,1,1,1,0.561259866,0,0.268882751,1,1,1,1,1,0.383727908,0,0.442846786,0.442775545,0.443262411